{"file_hashes":[{"block_hashes":["kbtUjobPXHT2aFmRHYKAg7Jsxqf/lKhk+gTqZ6kB4jI=","hFILiTmcTSxGGE5RqAkCdr6h0r3t1nPYcqLCqAu5Tb0=","9ZQtrIqZUHuKN1rboAQ3ZxLEW0hEGjFJrizrYrqW/9I=","dc6Tjep7DHt3N6B8O8DS1/7dv9IME30j9KN1f4ljdP8=","T2qyeK9Pp6J6+f2LtqdvTSHoWyT+8DqDfLA9Vys0ULk=","aiO0VY59pbr8G8bSfS7sMG0C2HJlw/lICntxL3UDA10=","KpT4hLUvaDYYkusYELQ1dIbfETJIfV5BWe3bkRpFKkM=","DFHBZYnQ/R740mR/AXdu1/9z4YFSCpyKFncn/xfinhc=","pShoSQOV3nw4rO+VZziCPBp5ktuLHzm/Cgq34BO8g8E=","Do0OtFkskXsbbpdfjbJyq56YW+FmS+NiEZHPF5ar0NA=","B7fzu7GblObOzLFb/GX2rrVGZ+64Z3zKzcxjae8upYM=","bL61Ky4tgRuNVbb29x9DaPEHHoj0NZdYHjd1MAaxP54="],"block_size":4096,"path":"_locales/be/messages.json"},{"block_hashes":["96Rh28sZbtRguAGCrw9HbGQpEeLfA8beMIVADSLgIo4=","zkOyBO9bKF4Bv9cJCZ1AkDlxOKTh26pDyAYcsg2BPG0=","ta/yPMyKb5TxiaFWvU7kA01dhClBo0x6dNmY9rehrW8=","lW8MWSf5vKkUAYhCxZeKGmPikBx3fxVIN1jFzdAtPBQ=","cgPYGGSDxuCcvDYQnnx4rtCF0bNT2fqozkadAmXZxJg=","Yn+0CUXtyOF2CmSZeO+RvAz06wyKMmtZf6cW7WVWUc8=","GI1+OJeYxp5m2KoUeXRVlmDxYKI+OrKWQxtdBYv5wIA=","4KXNUEE3whg2W3QrTVbP0j7hjLtAbmoZS6EdJEZSJes=","eoO1xGm7NgvIrMainaaNzwoPfeqx2dNWwfIQYDsrxJ8=","N59/RmjT9KPYpFA2B6g49yc3KomxdXwJ07EaaWLvXcE=","Gjh/yS3vPi/gxldTbpe7oW2bs5w9faODvWyFNr6UpBU=","ocbgBy6ENw9Aa2pDJ47GufvBogJHM+hlVlHTOQgLW34=","W3Sofe9RzT+zPPsDVZWM5bjZLHUpUY2IrNA5QoqVnEE=","gQWGLXEgIelgjiixWK77xaCnHFf0vwWX5sytozHyV2M=","8NWe95qzFXOWts91tekWUqVv3dfyxaU3sxxu2bitjWQ="],"block_size":4096,"path":"_locales/mk/messages.json"},{"block_hashes":["1DvT7NPHiq8E4M+RWTAMsjLUhpKUHeRTRyu1YBYyXzM="],"block_size":4096,"path":"action.html"},{"block_hashes":["XkqPbEzWWOz5EqpqVSIe4JtbD09GbD17IzzLWlsePdY="],"block_size":4096,"path":"ask.html"},{"block_hashes":["tqVRFUenBlfgezxWnQqyH1EgoZg7Mvw5WNVu3FVCcUM="],"block_size":4096,"path":"background.html"},{"block_hashes":["x998VCTgqnuhd4BULBaGo0PlY5Kskamkibd5dCXubIc=","5/+BmRFUGZOeYhNfcNCGEpxP2LaBcCR1OiNRHhVuMXw=","ns+8d4K9b1BUota3tOhKCTmZXPfrxEieSJQiKHZTnzc=","jPfMHSmiNGcB/HA0AOwXjw58FFxrQaYjNjOdtP91fgM=","8GQJxI2WRTY+5l3aGkefpIzAEAEhhvzTGZE2HDPLLFk=","AWRXYw4+Eyxj8S7jt5EQSDILzv14gjWQRijnP9xb3qY=","fFCzmqdqGCilmmm4vpAJcXaTT7JdNTpxv/h1gG89nJA=","RoJkJCz8xLTQYe6Hsnha4zU9y2kL28skpcmOu0/vink=","YOp6aWtC4/2sTNT/P9DdpVmV+ZZiOvEHJ1Q/JTB74UU=","I0Fm2bngjI3rLQDdrLnz1sMYjZqHzHBsvICzsnmT9VM=","eJ0BgKD9AdjHpyQHpEbnjbdomouriIhIv0A1xmhDDts=","p5CFAPyl4A4SbCX7DBq7GKxirtuowHwK3bRWEYMa/7g=","WRPa6wAS1VPnpk+5OC8LCrepCQ7jjP1ba0DipM/dOIk=","O53LHcHUv4/rj3zoNjbHdNXQdk7HuafRJmr9SVjQJK4=","ND0K9VwyadgRq2OfaL3a1RZKvrMTnAzwLQVlXmpqILg=","NJWy2/JlyGrBoRxHF/U2drguVUk9fJ+uOzkS2+bvdKU=","OPgfjE6M2BPAy8bhWzyzlLU9jGUYqRM6TlirKDlluVE=","8IxFz68o480T9/jNLSG+Ebn/CEVhrM3RlG2u/vklL8Q=","q2Q26SlYo59EdeaJvD/WBpeONU4vrfL8+tEz4Ib6gVU=","yFGq/EYQHW/yl24gBFlMKJhcZWObyxi3SC1NH04pU/4=","cFxjYWElTlbXvXUydRhUni16jTt+0yyJhLyrAUxOTmc=","P2VzL4ubW0rIvBZijRZSoH6l0RaDiqM51ztX31IeWjE=","RY+qegutRTy9S4kdyEsjziK2eo+XJohM6911NXTYN+M=","HDgDJhgxh9qbyKn5msZHfBJA2tFo2AXm8KrGo6rzV1A=","93cra+VFyq6zedASBVWu5kEQaDqqdi84CQm5XZwlvVk=","P0WXwzIzuGYhYIyL8ko5D9u274gCw6+hoToGPX0szZA=","D5Wc+aax6mneNjsrqT3V9jREeutb0nAroI11E7xn3IA=","TwzGPuQb5KP8tyUDYinTDE6JcPwnJkS0U31EvxMaSeE=","cKMCUhYo36LqR6EuPBMMyJwckmTbnFwbEZ8qU9tKEc8=","vaBYiw90Yd2bsY7wCmy7JutCVWc56Ip2KOhjTy85dMo=","nn9hhdZ6CauCwxinkFh0qP1iw6Ppx98LvEsvJ+cJZVs=","bSGil8O0x7SO4Mm6d83fdW/LTiYflTXxQdHqdfA81Eo=","kQYONLyw8Hpky/cac4zjS4RLohnusxpmobvLsENctnM=","phfgUpSgiWtVPmbWkKdHEFrzaIdWCwLeo8KNT9t64Jc=","BQsNZtyTw0m7qr3Agy+Iz9cZQtAWPENc/Y2a2LYsTDs=","bzP6auT72bPygnCn8z4bxyCq1EPkCI+gdIdAOaf7MH4=","OM66ity7eBBcwCOyypmbqQD0sSwPwao1W84x6++0xxk=","TLbl5I7to0WnYXLq9kpVgtiNKUk9Z5jC+dg78dCsjmM=","A6kqQSRQCUJZr1ASUNTUjBvRzq+lCbg0RcF1j2rfLfI=","6GhJ942MfYurchniQ83BEFe7zs7i+38tVDUB8zxlScQ=","BKywmU4DFaDyN99gRaIo+V9eaQjwf4hIvGU5cVhPZDc=","xvYJCzyRpFT5g6COnjvq1bC+/Cdkho8XdUagneED90c=","RMd5XTGrw5FnRooLut86SXB8nK8tDN8F8ebNnHV+2hE=","m5vdhDdjmCY0E7uFVhwGHY8ZKUoLsU+9XxjDdd/qX58=","4uz8Ln2Li07p0PTLJ0Gni+I3Sj2PJNoWSDHK7QrXJNQ=","4FMsV6DhRUtWZQJBojjyT2DfTz00yFHOlQN+Nv6sjWQ=","ayOstRYTWaqCvRzeQ/P08QbNZhLlqvMkizltG5ZSQlQ=","oJdyhlIXNqfdjljVZ26wzIE/79ySN1RuUnXq8rEJkqc=","Kd0WR0KlBY0O0AOUzd42wUxOf2Hmj3bPLUGTwI5uQko=","KYXcqOfxINT6JP58GMQFIVxQrPsg0FdMwCCuiuIPn7Q=","qzVrfFpnI++AwwqYOeo0+BdoEv1VrtOQO4N1AO5Bibo=","1aaiWAb9Ys6u2tVnpTJu0SGIVXf5G1HeW023BKVXmKU=","MQwXWGUpU38P2Jxygr6dtp6q+0icHvR7bydB8rk5jYU=","QXks4enAB6NIa0Cws2fJ01qx0cOYnu/1x92JbkWrGKk=","8jgpXhGTMqOkQlfm4e3mgbWsPnOiHFyWWMyjZTF8yBo=","rdC7Fzo15ZUh9MjBHXdE0N7Jxc7aUJ9WE5Zrj7JhyiQ=","K3RXUJXYpnmOubq1WGjix57m+vb0WwHqMXYDPOfOWcI=","cDs6inqo4ILKlknpsQyl03AFxt29hpmqw848mUOM1zI=","f7qG55cdMhTBONO48ctFReYtTVSqI3t0kCkwcgj4GhA=","IzhAGqukA36IAQl4PnobqBIfSk8ci9L0zCKFm0ftV3I=","PdTiLa3CcNSAFzabsMyRevct1l/GRAu9DTLxyKmTpIE=","WFwQ2Jb57phxih7EzVFJKUHM/7CEp5vepbvcftrWg4E=","dWFNu6fJDiUU1uGC4DMgCpVoI0FBjc1ML8wsA2kDNSU=","lDA2CGi6QKQZypTl/rXMmhB89Ki1/TZPEx8f0wCfUtM=","uWCbelTjk2/7ForrflCMpn4O5LRmrIS8istVY5lgEDg=","v7BPt/1PFIHmJMBHfnw0rrMBsrgACzclWpH8sIhlWWI=","ZYNN19qjcFrT0mTAfiuW0O4v45shllTtjzKzZLf6Crw=","2VU8g4ttSJwEiumTHrpMpyTXdSuxypVgG5XkqrjT2GY=","1WwROutL4sdofk0dBCsru+4kMSebvqoIij4BrMllBdU=","myhbmn3Got79ChBLU9liP1X7R1zpm6WxmDbcY6L4DSQ=","RTHLTk2SHIsokevJPFwTVqEz1ouvEpoN/oS2ZNDn+J8=","MIHb+M8L4C4Q3EGowebdde2jeiOJPkzz5kzUYVz9opw=","Tqb2sOy2CWN7V/3m0hfQGR9d5c+nwUpDfAelOig2SKs=","2KCsyfB85C0fRdHHU5dHSxSF4NF0+zDOutNDec1elFg=","C2O23mBy2w8oDa8FkBjG2Rk758JlWg1ls9YJhJc4V9I=","EF3HEYc8PfrBfwU5ybPUj88CoPtylmkfLCKflS6CyAk=","dv6DUiS9zN4Et0q+I1o/4g0aVF0qpPGBcM4+H9wZ0ik=","CtB9ZZ0j1V2NoR3BTR2u7kuIY90ry9u0p5CO/YWRV80=","xhq0i7IInABoCd0ZYwlC33/ow9OIJPqBcXet1m1PqKE=","M5+oupp/ynENzVAX48ISqzmN35mBTp4DVU6ClgTUJxU=","gNYyAkmQSfNRrZGljta9qbXhTZvk5ViTZBzxv5X8ukM=","kHYeqi+fmBInsdnqvp3p/RtauOWiBPsZgFw9MiFeMqQ=","TgHaVcMGnCs4JS8vGxYwPisvO/QIAPbt8yi2YkG4ISs=","2k4pKjvVksv2A0uETb5Kmk6P8ZTwm8IfGYYMBHbO9GI=","hqkV2KYweEocPjgPty5XRRuERfyPEfy+6mXH9l/+DXM=","yuk26lpVM4yZuWJ3klsr4gEkZXyjOVT3wFprPguJDaE=","kil+TfFRGnAgCXeXg6/8l/RWHtg/VGFwX9ePFboMZgc=","6lCwuoCIUvW5mwWGPaQ5HmshAh7DlxYeb7gHWP3hfck=","T5yTDm378iJ2ZFYvNFFGvsMtUgYplkjXr1My4xFiumY=","dbLzZtQIfxPTRWNflj5L+LbKFdqS8Eh//vQQlQCCrQM=","T0LM1tLqFMZzvg0+VB7jjC4Flxvyift976gjP0P8EhA=","ytTSqX+Wz2lo1174WfIyzk0R9yt8idQR4mhT79p1Ciw=","ic9FJ0fnx/P5HJHwHj8OeR5hPc887iAyfOjJkpMduGc=","mNl10AJEh9P9+6zLFLVPIaWiTEFZ/lWMNCyxPKwXFPQ=","kVs31AaM1I+u1RPOLLBqINMlKAPNLqKj62Y4T0nhLFY=","4Vg7Ve3QozZlpAEAQB7VjAHE3YcxZB0yW+1tg0QrHa4=","hV9/spB6naXNzJki5nfiKAFoi1tbp6OuL1FAoERWh4Y=","oSNr1mvY8b5S+boqS2RDeDG6+B3FcTlJNs1sc2oFLAo=","BLLUKTHeMqv59j5jd2RWkGYXQKZdpa57TBFFWhQ+NCw=","JgeKqoJDa+pR1bsGhP098AUD1ade4eYxbgvzplNWPGI=","xqFAyt2lolAcu/dEYD/FO1mjy9r/rUiahQwPTUkJFmM=","KaJinqzkMqrlnM/tiiB3BX+ACz+dpfG+JtmnPD1h4O4=","byeQaxjjYpEajOz0MAGwaosnRCnADX2cBTIZ/xu3308=","k535SHAtM9WOu3x995WUdNYhnWM4Sp2uCCz4qbj0Xys=","dI9hrvKc5dwMN86oNmcFMFv0gpjQxbcEI6qq5TeAlos=","CH3S0H+zsBWHNuQNnPeSpZfTWm6dTwKwLQyG1sSaPwA=","P6QJM+R9RT+uF5uRcy3fjgWIig9iIy2panvFRSrAEU8=","6qkuML35o34hjMp+JnMPWY95WIxX0+URX6WpFlQpb88=","3tsrYidYpqlmyHNytHD7/DwAfqooeEZWn2CwsDXQXmQ=","kAb6ZOBMdt6aKj1c82SokZQvj85WF5R9eQhgBancAro=","j2Q2D8Axgv8edN7PJ830tO0kkdYH1nv4wIN3mvkb4hM=","DNOSSGZj7Mygmk1xbfeQF08ngRx5R+4ZrqeW6HUQFm8=","L4YC9mZcdfifHGMPXBIm6ZTWI4u3ytaoYZHfYwCIhqo=","W1ZWSMqO65w/CDlEEuYkF/G1yP5F4IciNYMXJ7nO+T0=","WVU8NNwz6R1AgsNqxXsE1kBQ8Ro0BGNRpjYoR7j7/VU=","P8GEEwqLITWo4zLLfo/nsi2vqdIZ34Oh9YkxHF0fEAU=","wQM7k8x8o4EsBkg3oghfdUQAOi+BUg+K4xsPZEW1N88=","4BFkF6W9FxMqk9QdwfrGeNWCpUAX3D5SwAvkLYzMizc=","lKySerCsQexm3c8L/h7Yp+yaIEf/p8+1vE5iGDXmNSI=","JSb63OVVypIL0VJZ8Ztbeb+qQ++c3lAdLVXGI3uHL08=","OFHiubAG3e+LJZVa0yFHd/FDc7TAtf5cSmXPQa2iEVI=","AQrtI1tbc790yh0NHVcXrBIK2Vi8xvnG6k231E4YgLw=","YkMa3ubqjMBq374WZ8xS+IHYZMSG3nu/PRYF8hxBCF8=","yXYhcw5QXoxw2Dym9atIvxp9lFoWasv0nlI+NC7ye/Q=","c3YV9hdOmuYCrDeKgWUuK+Z2vAMfDpag/poicCWMGds=","dS1jUJOxYHCHJzSwdiiRnK4YCAOMy3YvAIl2DFY5cgg=","A2rzRf9Ln8sILxZyrsZUx+WiwpVYRvFX223XaT47bSU=","vYVcwfOABxXa0BFhG6+ey5J0yzDbIU466yxtNgt2svI=","s8uHD5ZOJMHFe0nsW5kUwVplBOpjzPWKS1HuxqzhuKI=","acUMsMi5pZ29e9IpWYYZtcdj9FReWiysRsTHmpBdETQ=","3qO+3eiuPOlHY/P4Tc6CIfrqVjp03Tt8fT6lFggyh0A=","m2/zOUt2X69wIxWpKHDYCglH10Uz/zjBTsqABeMSc7w=","k2ZHxO1LP3y5vY5XuUiAvQ8QVnlUWsgDhTgISBdBWps=","pa2XfOXn5HDiT/QUyaVnhbvLHIR4NMNM72IoEcjbDzA=","LBoPwYWjCPXCwR1NpUtvrh9ffEveXthpf881lYlraFI=","AMrkzlv+ew7Z2CcSryW2R8EVTGxfiJ7Bq7noEGdH1AI=","GBQEcicaD1SJOzhzulWOFCWGiUXki6gg3exWBx2oM1U=","LAeGpgNq6tYAEAfc301yuNB22ef+TLxYKRWgoW2v0+4=","nu1XEqrkbHms9GqR1FdPnGlBS5mSU5YtSJ397KpWWDQ=","gvshVLCH1OdK/c82D/2nNEBeYUPw6jTaV4oqLo5gWF8=","texSc734o/EE/LQogYB7AcR82yysUakzQjctvQ4lA/E=","k6+AzDUFSG8NNiAshT2kMRYyet6EiI57qPk3hAgNcrU=","QdmWki/+LeihtFrBSJFyU83Hn11EhmEWDYcZ1bADm4M=","+N3Gq6XQrn6WABkbrFGoLGzzmK3MhoxF0+1qBU/WdR8=","kuKXFsd2CmOtIrEJNcPF4PVVeKbgxH9Wrd8ISkyyGgA=","RADf4rJ03WtK2MOaSZvLY8xmkGPbef+8BSPsw/FaW/c="],"block_size":4096,"path":"background.js"},{"block_hashes":["gKO0dQDRV66QVgomg9gv+/Idl64hIsZD45R2FAbKnpo="],"block_size":4096,"path":"cache.js"},{"block_hashes":["3YZs7udGseaj/ual60v/5NAXXTAhsECgXs24neBSx9M=","0gxt7JBQHsngFjI55Yh07zYuURwmqBlsluRwADpTIpU=","0OhdHxmOvP+Sajp+TLSeXCVtxWAcmJ/bps8eP0ocTcE=","l6wZACl1atM8B/Upkv2vhRhiW24jImJTtwcduX8AGQA=","Iruzi4cI8bym/AlSEg21r3yTKIds+HawgNzBwOBOk/M=","vEzrSFTznn6HT6oiUBu//njDTUZTqllRiC5urjFm+eY=","t7A+Pb9Y2ICWeDqsqHbMIynXMtARipN0EflX1bbgSTw=","cCBJKnbKwhyhpq8xU/TDBx1EUF/QD0U+bA4uhzFO7l0=","Jmyplou8TBanX+gcpmrqfxMihj2eBDhxkCzMfUMKgbo=","yhnHzO2Kb9vF8dFIvFygi8oEgHaC2X5sM+Tuh65TU90="],"block_size":4096,"path":"content.js"},{"block_hashes":["gqiQs6M6PfimEp5hJl+MV02MRHpe8jUKXVJC18WQbIU=","bdBWQW/l/AkW+kTnRAm1HUS99M1NNzBW1eePDlZsF64=","BmOXNrRqtBpfrht0Ov8/L2Sm8A2JClhCvJU5O10/xBg=","4qLSDfynAiahPFvl5+BLaGVHg3xIGcFbIML0REL9Gck=","TDm1PeTkdwsnbU1PDu2LF1aGr0lr8uoOAct79364CJY=","alLY9Bp7MIHaW4TwamFWMY5GMGxWSG6Zj8eJbpSsJC0=","e+HcuNN7IWosCx2uzV6rEUuuXBd7v68nWNwCanyGezU=","kxQmwo5G2Q6KkqEMenDgrsc2FQjEIAwpRyh5Zkrdpt8="],"block_size":4096,"path":"editor.css"},{"block_hashes":["xsIotT01BXUPMNFJk0tDklFOOdIWILHLzh27K9Sem9U=","qV/u8UOB3cOXx4TCzvNkLA+NszPPyuqCQeD45Rbpqxc=","6SFFxXfxpeo+L95LVpFo0j9z6kxMLTpSCMMUMq9UFiE=","y2A84jNNS5MNBFDdGYfkIwYwpzS6hh6Jgw6gK0+wP9w=","PALVnEO/Yg0qQCMC4ME4CoPRCDd/WYU1Y9hxWawnT5M=","LY6ZrR5wsi88IMqKzAWjQUUkwZrl4XhSA2CSvlznDl4=","1HewxytGOoRl+CKBwSH3OxBab2T03VbYyuRwwwAgDYM=","kq5rkvM6x+iYYUSwlnjNKkbcPEufMmPp7mrB00QdJ5w=","vUytUTeln7t3+0Pr0v15oLWUHSOogDreij9tW/xELMQ=","ei1ZwlrTlCoswmEiylxdvJTEyikRVMnZZWc5Le7Kbno=","44UH2+5tkIPos8eaiTamjPj37C/nkTLvnbYmmgkPlDM=","XuKU+oF+gVfdDj1I7L8Rh6Ai+N5TPnTa53TxQaNwEhA=","kURFrAk9mJCtu/PgTw20D4aMWvPzoQwIUEQZqR1MwjQ=","h3z8FfKtrKo0YyhIeeX1ULymQmITG1qJcog/yKr2uoo=","hnOKp1nDbPiJdNVXNk7e7afFS0rAoHUPuB997VgCimU=","m508PpKsk/UoT1Uj4/20ZwEOBJNByslCRe7DtUNHT34=","zztOsAGjNYjBTEjKCDSU9iSlyPJR1/EuvFIdakg11Rs=","FkpbCdB0Qjym1Gh8UdHoFA87Utrhd8zkVX4eVBAgkAQ=","kJzD/gsfpmGfnvAk7qodScVmCKfEUHRxJCSs4BoJ9y0=","GYuS0HOqI+1aXDuLfLN32VMp9XZRWYTw8HPF2pHu/dI=","rpUvwbyUQj/69z8d0sDDlpC82+PI3UHVCAt/5KOzBZ4=","E5ytttt9Zp/N12Bg6a+EnSqZLfsFLwcGp5NtIKK3rO4=","UkUmdyv5ubredkIM4NgfEjiK+sU8rGe0+9cL11xLULw=","oCuaJeMfSNzD/qrVxLn8XW4IURDIwUvgg4ujphXCJ2k=","cJtadiDmS98JdW/JDwDCmJVxoL7MFmScuPGFPiDj5x4=","tzVbIqY8fjQKXx10d6qD0YiRzJ1eXt6KLrin+02mnRk=","dtYxJrklBlOGCtKEOHTgyHLjbdWpyjjXGe6YuqQQ8EQ=","KeQNZgljc4H5pKLEo/xuB1AI7YgW/LKM2CN2/2N56mU=","QPFTaXjWoSPy1GwR2C0BXnLHyPioNK6pqZ9rAOYubEA=","Y2GgK3Wd+UTKLB4mi7lK046Aa6L4pkxjyDXWQfufzbY=","Zw9Uo2N6AUiYIi25a+SeA3WsJjS6AB4hthG7vjfHZa8=","f4/L/w1BOYFwBNki1fbJlfQ+V4z2CWsFyQDUpM8XlzI=","ENFw/sWm3OaVslzfoQKcqO8s/DZcZR2Y2qTV3CtyTVs=","kXu/lF59jPOpScNsvZr86xf5Co5DRhOsX+jAuPuWt4g=","hqDUVTWCWpeRC1htV+fSNc+Lt/7lZbAu+12o9ogAmzk=","CL/e5StjnjSaA8H4LeLnDiK9I91SfiExWjkLyVxvKbc=","1QfHLr7rh5TTMgdZKHGEyWxKMNX4FyA2dhkwWq/XxbE=","39CtDo+cGah1IqRkJDg6wUEk122T360TgiuuSXG2lAM=","IFm1w3BUJBoTawVumJHytmHfy5NC5CaOBpSHhKfMlMc=","8+PdV1fpyz+q/0aECkWPHpp4lSt6yDBqUVpbw6/Ez6w=","geftEzHNH8DS3hLLqFiqINxks2uYaHuuQEleOhjID3I=","BZlrQK0YUwONywyMMV++SjO94QFGWtWWMu0csNNIPv0=","tclX1D3qWiXVb4UtF9uyDvyr5GCmYcWz7Ot/pc0N8k4=","HY44IShs/Jb73GZArqQERyIhX0x1tNO1I4rIJBc4DaY=","TfYHa3iHkeJNbLoApSHI2vs35qM6eBjT429Oe4OIhKg=","PcH2TPnD2j0vQjNloRQlQwF6bALMrgULfkSlDgQkoJs=","Rs6rTgn7Pggf/+Ct4rh0rPWMQw0bgk9NkN6+kicVg+w=","nlqZhcB8xHYtAYdGh80vKwL49DHV/8abYWhfrkLJ+h8=","nmEFmw+ih/MGokwkUz/OzB6XIZbtblR75cdJqbftlI8=","fGozWtmfyKq/KMn1/g/3p6Q/sihXPo32S+vkbnIjAyA=","Zd4Eum8bVVUFc85vj9HS45EfmmFlUO0MobtAgY6YzvM=","ljj8K8mub0DrTbpm7b+4wt7Nsl59NeehiuyMB6Iwyo4=","lCPCDTpWNBpl5dlybRu1HlMSEGDH1NfKXf0dAdg1+W4=","WZB0FAFW05w84dCQYSXwp5GE5GIYEKc2DDarKGGttAU=","TORBQZVPMlDaJO8bTqFRGjiVyW3rwWYHMd8nMBHefE0=","+HBJ/qcDaCWitt6kph7XSe06wzSUQym3fqKImjZ+3lw=","Nvi2INN7fCrszNSAy7O+oJ+gKvo4LV18jrE7rAJGzKk=","vmRq8yK4RDzsf36q5REWwwfVzZfsJ4Nvyn8FdJXjkhk=","0P9dRkgRAusu04KR6gEzBAZIIv/bizZfYw+U3BpkMBA=","pWqSfYHILswDgq5j0YTyMGRClfGTbr2sat6k9lu0mzc=","Ck3lk3khPNuckqB+PK+HxbFifLaRSVKz9Y62x3u+aEQ=","8CZZ3glK/H6pglbRzPuaqvxLh73cGiHpNNrC21ri+m8=","8yARnRy35B7NR2LpRtN0a6i+A+6DoAtJ9/F4Pw6mkV0=","8ufWK2c4RuEj98QZmsGsIjKRt7yP9vtcSv1L5SBa5ng=","KulEjZpv+V2RJIc0DxiGxwalYR1L8eUYV3ERm9dU3ic=","QFSUPntJ5zFwtwrkac1dDOlcAx4xASUoG57Eo9R7YFU=","JkH+hmimmraEtoFlqmhZMUzOfnMdyIsu/GMiDMb26iM=","4ojEaueqGwO48nhg1OMnm/gm6EhqTy8z1BrQ01EI+TI=","5VcqhmgkwzDb2nCfX7tWtSiOpMFqmXvMvWEy21AR8SM=","JRhzcC6ozsU8m5x25vG4v/j3BOgOx93YkGQsrgli78M=","x3zPsYN+0l2/Yus4/TS6vMbgEUbQKwtPCP3A4W832jM=","//csmL5ZOrwCXduhik+E2BrvWTskyjrHdULqt+d4v7w=","kf/qnqW3Rq8ULkyzs0zi9VEMswde7t7wo3/clSNjHi4=","8eSQYaJeo9me9j2UYtaj8+ICEmxJPMx2ufdBye8LtEg=","aPDqz7q4xiX7ANKgBIe3iYaylT9v/Ggxrba0JgmF3Wg=","ewCSAj4LdJsk6NzFnYnjYqb1GxacaqqCcalFMpZWoxQ=","If+rlvOrZXca0wkPT1JLX6d/iCatwsmZrZ6fYeSjMzQ=","SCnnpInHj2AZt9qH+3086BYlfxuXQ1+/ZBUxMJl+Ei0=","rdi91ZIhgTmMMCXb4RQt4ltJ50yp3q/25Ilfh64Futc=","vHgDy5TgiPK5gDOAM3BP3EtacDNQWzYbw5bTE07YIWA=","CD4kzYEvPPnM4Bj1/oNKeG/ULoECFG0mvpUrRL4vbAI=","8GiP67NlwLNY0/j4E4yQRCzWUtQawDR5CUdLrv6Ouo8=","vphxnNm40RMbFLWocqCF4UybAmfWRWI2abuYNm+36sU=","igZB7oOAQy2mkU8ms4hinY96zq5QTTZwsYs65q5PxA0=","ADBljai9aJujUkNvWCTV9csAtU72LhAZYJpUKbO6C5w=","pb8fVXtt86BDCGzc0h2iQerfFEH1AFENzb+FzD8pNeM=","GEZztedO2i78Hy77Cwo5pUDKJrIwHCLhkdkfHXlrtzA=","5ODhOpsNXbQjw3ZYHmlPIE0w0BCj0LXRNvbq26rjRZ0=","oGgJM+L6wuzf7rcZ6aOKAlfw8uXMkhELjk/ce9Wu+gw=","dKHrM8Hs9Lg3TtJ9+bmr9g/V+ozbV6QNd0K5renz/5Y=","KWgjQP9DTS5IkpdNBGZ82ak8QRVuJRZr1nfzoGv+sXU=","nOQgzikiMc2JE1eLhFB0seLQc40Rboa6FCh+RytTHXk=","BwiDIaPgjpBm07+h4HgYIErEl1J9o441VX6f6p4JdpE=","lH2UTgJgnjtKJz3DQIw/UzIevicqr9mlOMhbnGWXIO4=","nv//EHBY2a3ZPPwYe3pHH2xNn1bF9gYit1G9xv8gpXc=","5wQctOkwTruka+a661dVr/Hk3RZ/ePbCCQcqNpO8V8k=","PGCygmozSkM2pDCcaGGmUdxUZKmVyiedkZisYvEQsAs=","P/KQ42QxR3scAPrBwer5eYsea5PMMEr/533vjT3UPhI=","lZQYmD1ullrFCmre9INrslA9yAAgwhAZPkrgQPmo9ZI=","GsdpNLEyLHY+JC8zxNLodQaGiaYA40xwXzXu/LgWPE8="],"block_size":4096,"path":"editor.js"},{"block_hashes":["fk+78l3HgF0zdC6dee1XBY9RsSBxaTGBVEbgYGATEXE=","nKze50SYNWJ2tWW/Bcg/rE63f9EIzLNWzBLtyHivaTQ=","U+4MPEv+vN3xoMI01SVsu1BUV1rBOzNPPbQ/tci4BOU=","1FbiDXmJHqwy8ZNwyG91wdR5Mx5d5IWwacVrdKcxwDw=","WViVQ9mTrFIR4Urx2Mgi5aoUn9+4p2lkuMeYcfa2agA=","KDYqMoA8nAlzTgcQFj6eno5Mfm4vkR5rVK1ZaI2QB58=","bp0HjUFp04QUbb11xBMwXbYtUiF0e/rw1a/NideRD/s=","17U7aAArhtUWXN7HpdORAx9IfH9tKzIoCYxHgF902mI=","z9lrm8KT9kgJeWiEGKxDAKPgm4hJZYMY0LIoDPoS95M=","5cDkGh2er4/d/ZEWuj0gYljCXWxrDu1UvP1rDaytv/o=","dB3Jdw82ydb1BK7HwBmDcQGtMPMsLgfVIb2uTfoYTEY=","D4LdgSLnZnriKZnXL3MxgaL8L3xAHZy2fO+mdaEEXmQ=","C20ztuywNjHCczYkJh2cbXmH9/t6uXkAYoOg95hfkmg=","oTR3SsUNkXOjbVw3VEKjNqACrKwQgFpXBr2ngpnqJg0=","91UFRrQIzw5WgeMV00tScfGCHoRoAgNRJk8MDcTA1ko=","TKxOjgLh/Gp92Rk6mXLWjwUnNHoR7EmzknbD0A1Yy7s=","gcKazil+LtHciwMOXzQB/a/wclPOo0iV/hEHTsF+Tvk=","8cxVvrddP007N+/+KKOMmQpEr+bcvL0uBSs4c2ATrrQ=","vI6KzpWCCcJNzFUY4lxiqVhXQVrICczNcDfMrt+aIVc=","aNPTfihj6gjQ4+kXtLXNl+TovN2CUUghnuoafbVTQhs=","vbKHsRjWnJukcARPH9eqAFEHeLvg6tkD1ZHrCqWCaug=","yVSjI3QayhcmN+8xHM749sKxYewY6+dpLa2AMuhoPs4=","kKqmppSBTO7lxykW1KruuE1XLpWlsFS5XdXCzlTRkFE=","ZpcaSIf2reHYsDLWJUUYziIMDXAaoUweZBE3g5XA/xk=","t1XazC001F6ozh1N8EPLH2ZpXyJtrCcJHX4+U3gyXOA=","AIpm3kskpXssdmMRSe/a5VyXDcq7yvUJxr1K/ronhks=","vn2kyVDcj/ylNay4OQG5+llm671oEfWiT/kK8S3LRc8=","E1qv5MUKXXGg6PPqfb57W6pyt3YrUKBzyLlO6k11sjM=","heOwHAkeWzTA8D1BGjT8QnvlpvIWAu0WsVbbAcgi+Ns=","oY/IdGGA+akLtFoX4Fhb85elGCtIQXPOxiC0X9cCQ38=","N+POM8R1td6G8aASL1CPjA3PAmAVysrn+Gz1ITgtx0I=","zfzWh0c8UdohKJlVmtYU+V1UyPFYNUVUEcURVCwEDus=","CKkNJL5+cw/Y3dF08NyQYjQFhuPxVeQkjkVauir9Kr8=","mENUcipJD6MFLiuO+NyqbCoBqdBmHjcv1mFZYcj9Em4=","ACW5rIBJZyQ3lhq8FTqXgEMsRpIuyxRzRmftoFtsI8U=","goHhyVNHxS7QcI6ZjN435K9uyQgRArJAwplC1Mi5jHU=","pyZJgXBLbqOLqQ5aXKiyMP6BJN3Waek+JbI+qfYp5vQ=","aMcrRDWayTbaKaGHaI72HICSwjUMo3qnXiwB99ls19M=","i3WH51ZTXJwGD6+NAWT7+eHS5yOBvDw0olulOdjs02k=","X43uAj58IApRQWHiUs/bqTXKXRMYZbTnVVxqCRb+JIY=","34eqqlBCL25uydyidnKSYFwCKOZbDIYVplLvnn7nYcQ=","srBslw0iHLkhmixSSbYC3lrbzyMUzHREc6mNUnLHLtE=","jCQfZs5JMfNDx/53DjLR11n9JtDfnCBkC81eC6blNes=","VuoOos5U1U9IpGhs6xAPfsnuno70S36Jwo9b9eGK5GI=","iijaszmFhmz+kfjXPryOXqrf6iz+95+M2HHLh1xDJw8=","h8Hpon6L8pTq6A1/qeHNaj8lwprosHy7r9w0/p6VauY=","Tgp8h2lLqrpwUYqWEniSL7YSTU2sHKvKw4H7fZYFFKw=","kw3lR4BK7dXGDJmIfJMGNYwlHyggUcpUuIJYLlpN6Bw=","vyRhEW3fetTz1sIPyT2LfIfGHDO+vni0bJdPUXterC4=","PjVv9QTqABZkmA1baFJKNPAWsOPb9JqyUP7g7QYHFsI=","mlcHEU82aiqG54bvgPTALhD4vI1sUTBrRydGu538xIE=","l/RIa1OGbrb3DSh9BdWDnH3lFIYZKjSmc+j/v5NlL+0=","EXRehoJC9oZoh4mrDGGu6r2xs7Q+Lnbi9PZ3WEgq4QE=","G2/WC/2X4ad/ppf/IscUYKuC5AnSCHZJ+7BiKNfk+Vc=","H5Tom4NxC/tJdQUGKwZuiA+mJGy/A/bDxyaNcjZUAE8=","phvTdN5ZhLzgTdDL8QxWP7KN+Oan7xryCzuKpsGTvA4=","MwFmApE6EAOut9UGe2SAng+hcgg2gQJqKadPkmAyAT4=","Iwh4kP50YIaoKUb368lmUpMzIHVgEoBKAwcVFOCNZVQ=","tf09pmy5mNxHJQVw90uadFyjFwQgV+utQJXlHrAaxf4=","aojUV7zP2AejpeyulbmnV3qcmaWRicUyQbYU1/gUwXA=","Oc2RevtGzOELl/uI+rfsT2huj1CZy3eeruumwYk3WII=","zbw7JjQGry86yiSVpURdJM0/2WPciT90QjWfOOHXwNg=","Ys7hQxRTKFQujqwmiLdEEzzrviGuce8cJjABk6WCYNk=","1gLIlPJnIjTb9j7O8M3TEDOBhekqc+M8THHpEqVsq7c=","fe3s3lluO0/oUTQ8WRQWYEuOxDGuHc74hBEVS1V5/bk=","OvY2TNBI6WKTcHZSJFm75r8KK3t2saWEgrE02G1oWVw=","jhE7szPssmLR6yqUkNsjOCvF7ThIX9RULXiWUqMQCy8=","FvCXg11lFd2osEGC7ZjJyARgfnGsln4jZgVn569TPPQ=","P8KPLSrgkAw2O3TRqes5L0e+dVGXOttYhwxbBk9se+Y=","+KK01uDlUaCWYBoHyA1AMl4c1Hhnw2uHPeWOQtWC/FE=","/DdtB5ukiT31oTs5do0XJvoBzXZyLtRsOqQYP66rJBY=","6E7xI8+VoaBD+BYB0yw1Pu0SGEQ4Upi6tnZSUQMMtyU=","T233h0gfCt2orKXBcIy9V02xLwVWxObtSmpGYyb560A=","0X39wiO/R2kbx5AQqznd1oBZuuS5aag0O2J3jBBty4g=","KLLI8AINdZDTRmSrF85kbpNnZxQH1jIqQgbr4bJrBz8=","bYZpEpuWjPq5Hxb99p4HuZNMABsQe8nusQSWuBSKok0=","vtQ45gi7Kaes3n4xCwLgfKODerKySlmxoBkimcE2v5k=","7Oed+KKq2zwntJOvKrPhtXOA08cehHysSavkc2Q5ftA=","EI+ERiDcK++rj0vIFVuQXb8ZkYBUryxFe0csSgqCq9Y=","nj2Skvf5MLg1hR0xcBTS3RYaxAgx8DZcXSfUB1GehLo=","+FGzSn33sdJDD6i68kC0HF4Too10e1C6CZn7hed9QC8=","Tuf/VaGg+CQc2xkMU6h1FyZQIkCe0jZyeTvpPSH/fzw=","2TaGRaTphksjIkuRzq+KIYXRWfh6uNgZ4J/FBAiVLEo=","SV46tUi10eo66HFObOyZG3Ubmg8G3g6pSR9tdsJzOvw=","UHowDp4t3zoB05jCIgLxEIrhHp6chQtzMmuuMiOpWlA=","sHQmBGuaxUJLrTFkmOKQjP8UrYvwCEfrnRBBeEjtDTM=","PYJ1OxspqwMCstuMe2xjfw8KPx0fJ8bfp+T9o4HV3S8=","DC6r/IfTCKt3G2B2XAe0z1YYMnPyaMe3T+smQCE9laA=","o2H4CmeJtbt/41PSFyZIz9iYr1GylKZVOhDakV/488Q=","Y/tZP8BVHDAJVHUsgkteqH4ahlgdZFr0Y2jblHl/cf8=","c44+NKuw89lQW6HD6HsrAOX2HF/mdLHTFgbH1I4CqzM=","fDJkVAWZR7dnzsC/HRIS2L9Gx6nRVNjw+KufQAC+Wuk=","CLXL7KPlNjVwHT49DTf+z9a6inFriTwUVAYOEeeBphE=","0UMJigrpCZWQoksq5KrJ1H3uz8e/VTNVM4sXbuBpuCw=","2ir71uPAq+RkoK+K38l12/IcGDSgGpR0/Fx7++lH1uU=","5XrtQrhmOItK3u6jporLzk5KNa5OZbZln8P191Rtz3g=","kKQ2FjOmWHOkBjBmdBZGLexppSuXM9mdyaqtTmCFx9E=","+IvWJ/qTQ1urXfz6gnboVu288SOYjUBD6raaPnF9V0c=","OJ8Du1sk7/SSpBDpfSwrUA4pRv2Xrnw6B/3LDsL/X/A=","bzQYrr5vFLhbDauMBE81EwMH7+09bGWs6+6fHEt5zuM=","VtgemP3ckb//QkUoNsaKTPq5AA5Zvg/cg5u8ByoZKR0=","/q4gG0HhuoYflKkFOMtU4PzvO+omkQaLNWwzBT5fVDE=","XtNEgYqiuYgiwhEqEE1bcgu3azX7GVHALlbNhaZbi5M=","zfT7jfslvugufsFlAzKqHtq2cWdgHfQuyBnO6enfyxM=","faEABSOUr4C3cHJNx5yib7OLTcb+nDVRpxo8CvZuk5E=","CoDDP6QdZRQ2IKoUw+QSZFKWszmlTW7vmK6xfhZtFOM=","19HMZF8+zS58cE/JRredQRlgFqwF8SlMLNuZJSmSA5s=","M97Nc9Rc6zicuX07DkMnkqMbG46hKPIypNOy3P2c+/s=","IuXldrxVEzyQ0bnAXhyxV6kRBklJi8JTzxvK+37jy+8=","O2NoMytU+sJZ6W82pZsNa5vAyz5zeDgXdRwVlb6bRgA=","rH4r7fUlllhgvrLGvn1CjSdwE0hADbi1PLlQbRX7x1Y=","6tvrSOeyRtaPW+z1rdDcATRzYIQnp4Hmv/L8YnYANNE=","IytKKKi732kGud4Hi/jfORnTyAQCRjm2SCm/f6zODfs=","TfQIWzyTRBidrlVWqdqk6Tp6nF617cWWZ8Y/2N7GBLI=","6FFyxu0Kmc/t1XgZFJ7DfCsc/w9xKMcQMoosU6M2Hkk=","wOEH07dGIaaOFZ5W/ebVd3GQ2mIdEb66L5njROsDvtU=","NObIaJ+XSn9oY6QQ/QO4Kc6wDXjPQrljGt/vsA/SFn4=","94A+K/MIZAyXA1XyiHmNWv+ODRPUc0l20vjQf64SI5A=","J0Gtoi1i8Pz4GhHpv+hlF61MPOW8JXcl6Qc/XCUK2eg=","WSLZ1q//HZRs3YS6EXks8F7nlTr8ZaxhuD44sdEe69A=","re/7+QqsiC2Q4S/fdx4J1HTqNXwp/admFAD09TnUr4c=","7g5SVlDj2aNu/GrLn7LdBy+zueZzxNNdy2tekGJTxUc=","oOo6pnuVoYvDPjCw1iVeJAAIhkrq26zVW9JZ02oOdqQ=","SqR6JGouttw8xn4ge5uAOaSLiP6NXcKfAFGVBpPLuEM=","hYtbH4zCSenOvMSABcM7jZkJUjgg2n4QWM3ALe2WQoU=","1RmdSSRYUHJGiadJ6QxRrWlqQ80T4PcGrvjADkTMFmE="],"block_size":4096,"path":"extension.js"},{"block_hashes":["iC0t6JfzhdoGoXIp9dslt5mODofK/jd1oLZtox3PRLw="],"block_size":4096,"path":"images/icon16.png"},{"block_hashes":["vZZTIJYi4woa93xusNyDGyF0luo+CkPeGnlP7TbNI5c="],"block_size":4096,"path":"images/icon19.png"},{"block_hashes":["udb2D16QuoIJgNqL8otpHetVFAOMqujiSFsJT8lrY4U="],"block_size":4096,"path":"images/icon24.png"},{"block_hashes":["Rs2cuMTHt831CsnxZ/qzVO9VAmr5jnRAXraA5bWCPc8="],"block_size":4096,"path":"images/icon32.png"},{"block_hashes":["KIi8wR7SzZWAt8aQMp0bUVl+qKURbJB5eXMNmFNovCg="],"block_size":4096,"path":"images/icon38.png"},{"block_hashes":["/upznVL7+ddco7sG/O1lgzymTigmuo2CbfyCMRjR6ao="],"block_size":4096,"path":"images/icon_blocker16.png"},{"block_hashes":["nZhkFKk7xGBvZGGl5klP+krzqc2SriEylB6mdqWRVYQ="],"block_size":4096,"path":"images/icon_blocker19.png"},{"block_hashes":["fVUiS8k8S+VIYWXpz2rGHLvK0/xMnRKzGV1aj4ckfyM="],"block_size":4096,"path":"images/icon_blocker24.png"},{"block_hashes":["70owRWUIsUPG0NuEJHZsYzOhDnxTueqNEJpWQMJDRWU="],"block_size":4096,"path":"images/icon_blocker32.png"},{"block_hashes":["taMun/j1HRs78Gq90ApNsaKcg8YgB4zpd5cimH4f/sw="],"block_size":4096,"path":"images/icon_blocker38.png"},{"block_hashes":["4i45cIHF8HXCSgjNPFYdUlFFBkfSFkCvV9w/gYNilSs="],"block_size":4096,"path":"images/icon_forbidden16.png"},{"block_hashes":["Rq1oR1KDA4Osb3cZg4jakLBasOOhnQLxQqyWqEqsA7w="],"block_size":4096,"path":"images/icon_forbidden19.png"},{"block_hashes":["iOnmhBSyHSvEiWSeV/otQ2WxKgs8GPkwKjBEWTWTZWw="],"block_size":4096,"path":"images/icon_forbidden24.png"},{"block_hashes":["xOcHn388xbI0IhEhR+WCsa+eKUfzYgcTLfAcaruahjo="],"block_size":4096,"path":"images/icon_forbidden32.png"},{"block_hashes":["SV+IIRJ1Rb65OHiAtYw55OqOscY6t15dDuvkrFlcOS8="],"block_size":4096,"path":"images/icon_forbidden38.png"},{"block_hashes":["xKzVI+ep1Xj5LGnHoZOE83sW7eWygC0CTrIzsjzydDM="],"block_size":4096,"path":"images/icon_paused16.png"},{"block_hashes":["33OYlmJ1q8pbufoyq2pzPc1BVm3U4ENc3OMDSV/UDtA="],"block_size":4096,"path":"images/icon_paused19.png"},{"block_hashes":["hbhcLCTdvfNiZygvlEV5HZsCPA+3YQIi0VnkwnAYjoY="],"block_size":4096,"path":"images/icon_paused24.png"},{"block_hashes":["25Xv8qgPeBprqJi4y691YE5IsFdQgKlxFO5LTFhBRXQ="],"block_size":4096,"path":"images/icon_paused32.png"},{"block_hashes":["X7Te9U7P+aqlSv+eaH7usvmkzw01yC750ba2CKlK19Q="],"block_size":4096,"path":"images/icon_paused38.png"},{"block_hashes":["Rxz+9hoL1iNjfZExrEaYlSADHOl7WLwbTbokf0/+2fA=","PI8OxiuDz4LO9niGl3uv1ieRCgEFhi+CbDyaqlMAqmE=","N/lcJXUDE8Tcow6GnvmXvzWITL1Q4x77pT/iCeA9qjY=","Sbjjt6JHw99u6QCmFDrke4mkcjfFp9hafpO9TL/xvGQ=","Jmz/uOWgHWYm75EWvf+FcuNbT/JWWEe7aBwlMswnRv8="],"block_size":4096,"path":"images/txt.png"},{"block_hashes":["GSpb6Bs4ASJ6Ivxqm3yg7GaBFwkPFUEdB1Cll/IRrKk="],"block_size":4096,"path":"LICENSE"},{"block_hashes":["f6zm3gA8XzjDXgKy96ca/XlIiE7MI00rr4KZ2dPNoGU=","AVDyP3X8T5whUfb73l9SFf5gAn0LEv4SqtDznW71GG8=","QQdDCBUi53CGZL7eSFU6nabUB+JTTvs9X1sQzmeIGPQ=","jb/qzIb1TWf/nw5JjvKYGRFozFA+ErEt6zdbjkNmv8w="],"block_size":4096,"path":"lint.js"},{"block_hashes":["wpQP6VsYWobpbLqXIccO00epxUasScNhCzIUfF8dv18="],"block_size":4096,"path":"offscreen.html"},{"block_hashes":["B47YKq7ebo7GaRzmOpVoHi2cf0FFAFqZtsgaTR8x1cU=","AeTq8+9G9WA0k0kw7/bZdgEXNzHoLy/4l7ELbGQY3zM=","/aGBk7rRGBNpLUmitnD9RpxFT+dpJGN/To5rYinf3pU=","TbuCPLaCIhAWqiAVv0B+IU4Vk5CbxevdayhB8S+fgc8=","idqw9dG8hnwIpa32zxy7jnlMbtztzKAAlcLCVe3ZyK4=","aAfdXLAP3zquImMLtsEJb26xky5I+R6If814JbKjXuA=","P4x13gOL1OnOS+qCJKVBVAK2FvheLXT3p9/tCoTNAcI=","TPPXts1TRqZfenUtokvUfw3EdQv5ctJz2LVzC1S7Goo=","uYae2Jr7DgFialTE8FSt4QcEUEU+1Po/kLXwJKaAJMk=","CfZ4KgtjJfUr3pjf45SLEgsvr7oExNm1RCBp5+h5CAQ=","0Fc8WJ3+XY78u+Q2kIRhBdNW4GQ7y1AMyQ+P2AuP5uo=","uYcjECLSyugl6sTUv2I7YyMd6dFFrQkJ3t/hvj1Lq38=","rqannjMSyhUYmC/4AG7SaQpD/Xbwri7QM4UqO8uFiFo="],"block_size":4096,"path":"offscreen.js"},{"block_hashes":["XkqPbEzWWOz5EqpqVSIe4JtbD09GbD17IzzLWlsePdY="],"block_size":4096,"path":"options.html"},{"block_hashes":["dmT2BKf5GbEf/oMBPzkLTgRYE9D5uF7PptATWtEld7k=","LsX9tVdHEi+a3XPYo0DQsmYXdlvCNnMCgR04bu81LUU=","uP7ND/sfOwjogFaZW5/yh01P1nlN59FcCLDO7zfYC4I=","aVIe1xzr5aBFd51Y5KkOywGehRw091lXNwqxyXyrqjg=","cXjh/pajm/BBsF3TYis1jXJjLcDFTWSpEYN6z9WNNfA=","WCwbBE1M8f8TkNL3qdqB9t7dwjFWXxXIZNi1+zLFFCA=","eZVW9w+0o+PUQ+FlYRWwhqHm0g+A0h2cqx0RJhsY6t0=","dTVLLTvL0x436oBWphg97cTk/WAi9yJZ/1Z84M+U9tU=","X7KR4A4JeGbh5xjb5oUAWb4vvguQDo6wKm+6nD3nRvA=","NQJ9xqnGsOvogfVJlg+ahNDJlJnqnGAAUZ8bFnjmQ8M=","JO0PwSJyovp3xVb/XTiLORF0MC3gwvEVujxOv4tcKHM=","ED+8jTNnBXYt9fVdnc/Y+Jxp/bYq3OPyfcCho5mf5pA="],"block_size":4096,"path":"page.js"},{"block_hashes":["EyrhE/uvt7ol+bvxZNx+V9d3/swseyMMAAcNLHoge18=","wZqZ8EprpURaVRp5DKEI7WMeUL4h2c+gFjaN8ECNpqA=","01A2MhrWiTlMANY+JTmhTOyRiTQROm2E/2cKpI9Pt/E=","iXZwV7yzZVtWndXDBro3Jr0Mkwc7rggWHFG7HKsQouI=","YpVTVUD7/zQTWKfSLyrVd9tCWrhvSdECA3YJH40SG6E=","40Z2izT4HPkEwjEtdA11wy9K2P/fnT4sGe9qSgKhytk=","F5gI8Ih3OWxWwyaMz9JRnLjVGTCtffa4EA+SAT6IHUI=","bAvNnnse5WfX7Tk/sr1VQgMnLy/UEHDZqJV7uMfl7nI=","aAlISqaAauNPubhn7PvdHluveXoVH0NJ0ZW4YdjRioY=","qjDvNJPoKVIU/+GC9yzDZRbEyzDz+fZWPwZcN5D2g/8=","oH8lEOawSwT4FVqtjSFoedDHD4Cz27Bdg+neFY/CCxE=","mOTnr6EAHWRgtueC/Zse3MfcDYaV/igCn4bzM6NCYy4=","YWRRVSxg0Pab/6z7fROwttc/h1m1bFiRu+ezYZHr+YU=","sDKF6Qg7dEU1Q4fC4uXr7N0bLNqkgs2xIptH7vTRegA=","ZIA+NtgKcX/oWl6cTmq2lQtfXku/IXesacBezavi/Xc=","KMs4zVuxatIXe80JFS55qU9HbH9JSDvCF7j9OpQSXmw=","Q/mqtYVc0m86uQA2YEm7hTV53IRTMjIuarYLXDq2Ioc=","2xMpqscLshLgM/c+aFeNKQkIrwdIpvFK/LPandQpRjM=","ari6eAd7pbzu1KiuA1qf60xeK1Ej/+Cn4GEERSmZwdw=","zIHUFuWZX6u1cJeMfAfg/JI+n5sOCn9HbTo0ua/a+no=","ABCqe82pc43agtPYeEe5BylkP9mMHBkHHvcyDbPBmaI=","jQ1Qu9SjWOAjfb449hrR1E0pRbfHPoOe127z0YONQyw=","dxjmyQqNHuJz1Xysk3kUz/2+4l5Ib5tw2Oj7l02R2Kw=","fIGXzZwJTiU2FjOapMfMJRhM71k0DkQrFbbZB81dAv0=","LvoCGrXuQZuceKU0JScHypBv/KlqBQrAhQFL8/OHY0w=","xd+MSXdXS0gZ+khVJ2j/K9bmz309qvxs7tNhY+tJx00=","Caib+sDWDHxmoqFF9kGadnN7fy6ZmlvY7wWM6G0fN6k=","V5MytmoszLZDGExSvXjsVQ40MNAWaLs7ZkSjly61850=","P61pJ1orUc2VYa7zE82dMLxWGPoIFpqPf0FfdZ05oTM=","C70HZgw1+augadKwu1V8W3mIwN+CRB880GVJCEzzv/0=","i/rchRwOFkqorM/7YvWdX4nVU/QEs5LWVKKmvQrxTqw=","XaJsigEpzoj6afAXWLyztG4gtaATITXKxVgMIo2bZrw=","hEHDU5pClvJYRRr+UFJBRNtF3T1jLwt0HUZFGJtpujI=","4i2Kfp1t5dGomF9xdIBNuKbKN7Rw50f2Qviah9032B4=","oEg2TVT4Z29wCh2j+DGZLLzOPfF++SrOd5X7zzDWKso=","ZUCpQmZuFtS5MF6g6PHzsBYfua2+nYLr7XoW6SGWyf0=","bAKvOZ86Pw7J052W3jy2Eb4goyE0ctrjRYMYOObHdzw=","t0pwwvM8EfOrytan7Qcj0DkCakZCEwy2ZSRXljp1faU=","EMTuATO6ydi9CmTgo7xgo8qgo3aiu7JyOe592V+DP8M=","yQMOAxEehWUaTuC65CA9BrcmYPg2PuxFNfIg2rFa2Zc=","UlwygpTLKsr/zAJmwRfiPe3kjM6WInZ8VsMxw3Og47E=","LbPMX+kRWwwJALTqer4j6ia1sgTygPWz+1pZ9CX35Bo=","zdMfwJ9OzYMJmTMVoyLKjqFcQ+ks1GN8HjwITzuPES4=","MG6lbDNNseuqCU+6t+iyZtJJBCUISEIV1op/9ylXlKQ=","31iu+2JTKtraHXtUrrPBQvdtzWYErPqusdprliPI0V8=","xRBqnmgznxdApGaabpfOTpIgAHjQK6+YDEi+K2OruyA=","Ibc/u+jm84rsIulfZ9hefaEdybkmodIHtbiEWzb3yeY=","wMlErWa2Tm+JQOo4A664drBk8v8sYAuNMfr25lDt34E=","uxCDdsEoqap6e9tMPXNQ8hivw31gIiE2UONGI9v0mwk=","XNtTBBp3w6Y/wW9WST95Oj2PzTyFEdCn3ZbcAvSEw7Y=","UeFWGAtQ9kU0u3ivzp347lHFLawQGmnx7GD+41SwmZE=","PlE2ohCrqEA7mdR6FGenmnASqQOxISb+gRHOrxxtiZg=","Ek6LcPX4Jxc4scentYcjpg3u802M/nKylAEwLRaQwn8=","3+6najRvj5aZP5mcbspN1IIH3hOFQqlBx80YIN5sod0=","NE8qX5/veF2L2tkenX7+hmjlu0qsEGRsai+VVJgYFPQ=","tOcAfqMwLqoqFcc2fYzFtLvCqUe4xuRDOBRfcgm2oUQ=","b8U211BxoUrOKlxjKWAbpjsMj11+DcCZ2z3zfK0sUs0=","b3NXmLeaJ0JRmir3fyhPRFWWiO+I5Zz9Eu7UZWWZZpo=","KuHbcJlJK2SKjR/eCvugCrjMWFFc6yZutxI9lYeCGmw=","e1cS63PTdOwehhX2RjmCXvn0INtXMfGJJeJvlJ6rwxE=","e+9frsxJJT+kfcMjN2fwRLb6QYesUQcsiBGmgAn0pXA=","FZ3NC/DYOisZ+SyaJuLPdCL77Yna8X1uyZS71xzoP48=","i2UTvEZebXRxM3dY2hI+UXWKy6sgXusbXFJ3j47f2/Q=","3QomrQZKiyerjTUDFvbHZZiCjJ4LGcSvxTXVBZ23tTg=","NkXtT1Av6GRR9OdZE1cpsV2eriNx+69bXPhvNqxllrw=","WW6PY/9aWkStFUg7I2VMh8DFd1icTUrOo+a9fv85IoM=","efkk5A0Wd1ggUHiSK42ewK4d4cn8vkSB+Bnwn/qnsoE=","ExvvJQV6dAjNmFb0qwB3ato8wGpTajL7ieOAVsM3/nY=","mI9Rh1f/xlmGIyGv0LlrLT5Qsvx75RgYw4gxXqFbS5w=","43OKvQRTt5f9McRkaJn6h8rmLUSvZW+wym07CLzwdD0=","xlYMrZbQTqthnwKQPux+RZdsuNITh9uJR8Amx8eoiE0=","wH0hYsjW3buAu3qKyU0ykdNcs9s6Vk0vPq5W8nVsu+E=","JrR5CVaz/36A0Z6ToJm4BDofjxPNNI0FB0+bu27wuoo=","i5cUCvNiwJkaD37qbXlrsChw1bOa+P+ZHP4cKUDCeE8=","WOZWucr34SQshU416uP/sugMZytOPCp1ifzctui/cAg=","fTo8nZG60d85KTnh/jCDhKYRkb6ASxwT12VyyvI5yFw=","FyrZdVPO6wkhrjIOwayaEn+x4DRp96GY9fi3SX5IwGQ=","0GD85xEonkdU1vajrzTzGyNJAoSJnxsRN2/oBOnZ9po=","+J1ibP+/63nWtbn1VDSRsAxEkCCPgW7ZRA4BdMurHZI=","IJnpvi8jJXKUyqMyC8bIdn3LAcA4XOdviqHpivxMwWs=","V/U3fSLUuaxRM+P8ZB3WpYJ9cAbshDIUBW9/pUAcZiQ=","cgCSwxuzAAWkW71ucvI1u9v+N7voawlHI/He5tmEFLk=","RUaZU2N6bAWiLWrdSyahSZGX2D8CR5zEkOzlmtCwiMc=","LIovzfc9XlUcOV4/io9alltOCfHCGG6lKdeI3b7KjI0=","oyFa7KqD/tMiZOHu1Xu6ibC3WDdh7sF6JtMZfPAO7Xo=","MsY5Uecfg80RTL36z+EIby+3Okt7B3UZag8Uldnyhgc=","9+rsOmgsOXrco/sIVjEvOEes8r17Z25EwHQD54XO07Q=","k4BbjvT89l2Liv2O638U8W3vy7Y5mltV7MzEGdbW+3s=","363P0orD9QgtMD9Ec4c1z/h40dKoy7O+ULDAceKhxXU=","aHkXufeAtRzL6aiELyLLPHwo8S9G/slQRFyT3phywz4=","yDEVONL8/uVoQFAfNmEjSjq32or+G7ueq8v9ICUtRW8=","g2hUHM1c7YvIZEaZI1KrbGF0i+pktqDZ9xSN+85dZuk=","951V1oGrBn05ncfUExgt+4VA3ZFdI+djH2IWTqNnjQA=","N03rl4y0ZIoe3tzPNAUIwMQW4eSlgfY3E4tIH9GJAn8=","L4CSMJnDsbUSomkXLJlJit5sWcpxeDRNEp0U+gh4oiY=","4mi5wiCGPYbNwZaIYuCxzsqYb/KEqABLa6nkrAH9F/w=","DPUPMb/KkNjqkbUB2c8H/TchH2uMXn5B/olxOupo3f4=","FlpFETSXmzJ70EDayXqltQv6s9/KtmmFXbxy1+lvTeA=","l5j1MJO9RWoYKo3Ev5a8sWu7fgl209RMBBBPas7nBhI=","UrJX2xHNUfhr7MkXV9SBPf3aShxSejwscBdIC5rgSm4=","RgW5uSUuuqIhlTeEFg36Khemdl6hwD7U6JDdq+ng0x4=","XPUG/bgWv+Sg+IsnOH2fkYlC88gQW8MWJa+FKUsA1lA=","Jzq1clhIUmnNYd1wbuiJLA2whj/ofvTZILpeW/D35u8=","L3cH7rUO+EInOjx7zCGKHS8ltJgYBxg3q9dfLxfCrPU=","/Ptz4c3XEvlXqUu8YxlBMIUE4ez1EzugBJwqJJ2zSp8=","YfJmaEnFamNnXew2lQjNDKGdew/iBj+4QuiJSDVVAFQ="],"block_size":4096,"path":"style.css"},{"block_hashes":["AbpHGcgLb+kRsJGnwFEktk7uzpZOCcBY74+YBdrKVGs="],"block_size":4096,"path":"test.js"},{"block_hashes":["LfmOq8P71HpQ21JpSQFWDze7zqRzdlXph9Lipv33HPs="],"block_size":4096,"path":"userscript.html"},{"block_hashes":["1abHWpuxiBvaNr4JN/kA1DiOyqMZeIeZ1hMeOj7CaLM=","eOOfp2Uc3AcsLY6DqVDCGpq89348CFSVj95zIGlkDxc=","3bttYqHNPJ3uCdGl49Xs0Y2s8BDtXvUnCnhHsmJ9I2c=","YNYcM6vR9TsArE7K5fIWf/+40EdViUK6VrjbIlxwzFI=","L++k2Iu1fD8PU0pzK01U8fMEMsFeILU21bgCVmcfefw=","NEu58A+EtkQjdcZJ6PtA86Xx1oviBAURJ7TmzHQ5c6s=","4XfVHfruU7bp0TftuNwF/wQAqDXw4j/HrguTQie87QI=","d3UZKyrFB60T9jDtb238E4RHQhpi6K4l8MFzveLlGvY=","MGrGY7PPi/+SO/lz2FE9TlyJpVlVr7Ih7IcuY4IfqzM=","Jlv9D1xkal3NyLS0+qcMkFOUpPIk+E6j3QjQ321A29w=","y4mtk+P7k66/qza2E89bj02AptdL8PwXmxI9hJbU/w4=","oladZTRjGcvBiJpku2IOyHO3jr8i85Ca+ofhZeM2Tfk=","diMYuRLRYTgUtlGuJY3BwSIYumw0fVaqJS2GHCDmZkE=","l4bARnoriQvYzECwdDGD20M2+HCCh//U7KJD0J2ds8M=","6ZhKzb5ZZLyI8rhQXW8ARP1ANV8MLB2RN2ilAOm8QS8=","+yulKpirj44rXFMJTLoyUqAH83zomHcPIRum1dKHwqA=","S0tYqcP80eUQ8kpUMVq+gHsVhJG2YN1yqOx6Xf62j+k=","1KU3uNL/sJ/XKxZEfqYltPnugKRv6m/I5sp1B4NqaWM=","TZgDrqlTG9uHD5bS2UWBdW+lWWuQClekLsm7I3oWoLw=","eN3Cvbm57TjTM3SKXyoZ9in2wv3NFjxjChJoORKM/7Q=","S+d6L1T4nBFNoynX2SwkAq7uvqnHRis4w/nIo0kMi/c=","hNjy0J6XtHh3J8Bw3Ju7F6VR+2t6LnQ9WQzkB8VfpW8=","wwAzLS3k314gZ8dKbEieTKWhGTW6UwoENDQPn3vbuL0=","wmcVf/sgSrj8AbEI9HRNAk9JDwC3pf1EXn8XU6hiWwo=","8G22XhvrEbmyMX1iY9AxUYRomPwT9/rlhXAh7awCD8w=","Mj41Oy7uIHFhs6UWoUXXAXReqjGeyTBYCQgmdCsR9kw=","qWYtbeCtJ0s14X23kb9mVZckcxXburWHNcCstm7SiJY=","oNx9Vda71xrTjMzG8vcw9rY5hDL5lxXupanEtNxLxPs=","4o2cDDOiYkqQ1XtGSt/C7/jJC/vaTick0FPjUll4wI4=","6W0XqwAbjLVVKqmMkVIN/UVV0UITStGqv8RqLzyoRWM=","K8nYTEWwxWckZAiK6VPL1PSRGA0DRoYJOUsSWsaVCl0=","k4yJ8xIeWOyvAxC0vHPFxx7DI4FDSoPileDb81sWd4c=","JkwoUSR3o4izqoYja2JT6cEw85+hYb9r3VDRKdNCNaA=","Qh8GhinE6QpLJmUXILAuorboucsueoRPt/S07WJHdQU=","78KBnjtOvPcC+8Fsbnc87m9V8YYf3U+O4yp/nPF73w8=","NSfezx5HEM4mddcgd2Q6NRgxF+cGV1KM4H1FDBZTyHk=","PvVcxA+EtbljtW3gsbyIFPt73ymGSvm/AuxX3UmTe6M=","nrRw+mG50s7DHAltSbs+AUBafvCCzAgoxne2KIF1zIE=","wOF1QkGv4Rjerh4RdZRj1TPIg/vqUJBsAk2IrilZP9Y=","DF0Ph6bzX3ROxHZh0jAOn4JZk+13CyWJPpRON2lWwYI=","DdOWQ92f/med+xchdlvUT4G0WME5LrqceEYJMf7NqzY=","4mCpwA6avy9PSip4o4zKBtQgTOlLFB1xveDLheB/qlg=","CiQ92StTCKrBtaW1EjBkszGZb85hluzEiQVdi6EN2co=","AymiMwrOxOSQGjMGuZY0WERbY8fCDBO7JYhwWc7/aq8=","3hglxI6pU0znuvOmjfTWb3NZjELSJzEYoOoT7x9dEus=","GssPIFzils6XSJCqBz++LnkgHUdGOYLmNf5uQgJcWtQ=","KdvOjHeSrPPczcUquPVtS3nkIri0pjVsbIJxILMx1iY=","0mYa1phs1/95YXIzDCcnGOM2Apobc2zRQIb1ZuR0KrI=","PsG3TfayPHIgigiGKs0/lL5MA01TglC/2q45l314guI=","v8RdrkMvFDDy2qBGY5Q1psMb0JztPhHVblYkyRCQONs=","ZSiq+OnC8OurCiGE9uS1vtKOX6q7V6I8WJ7w8BusodU=","n9NWkilkgZtcbJG9N5PaS3YVfnXDHIpmdXtJEeziOco=","HFhIUhAl5pKJL46UoM2PYzt+Md2jJihgNJ7pvnrF9qk=","fJD2N3GsUvVNDoSlqTOy2k7MbXUXenuyERDEkNlIhEc=","BhQIMYI1wg3CU8IBVppP9JOQusPhDvzATZDu0LkRRfc=","UAQ8tKq9yZE/mcFEJ6mLui/CEpW9MXVYcYezk9RdjqM=","WBL/UNpgEJc9Qumt3R3FPY10qXTadDgkb9XLJYSJbL4=","qi041OxYey4BVkRxa0NQsMgjME10D6zwUp5WoGe7hJc=","euzB4nP0ygOjn/YMzCCk4Weyd2FfCQlGeyIWi10FpNE=","z94G5IkvyNlx68grQa6Q2z82ubM1buvp7H346TpUY9Q=","QMOTCpYRZi3OrwbwfpNIJCXfyJkXTOtlZ2EM44lCBNk=","5q1jl0acp1MbZsWc7BIu4qqGeqs8NBroWAA+BTA5TBg=","6c3EU+2z21pQ7fZXKFS7KcnFrQblknk3PBbKGCoMjf8=","JBV5YNDDdxJsNO3BMY3bEUUFNVQaKqnkuqOBjk8EwqY=","7hlSnx3U1mP+akcXGoBcoXnMlIHCXa4AXqBHe7AKYzs=","fNbLevTThBt8PPEGoAP7haJBAixakUnH4Ze0GGipN3k=","XxiXzXsJvJhUZ59A+N6Ck7jTPt1LPD1pFMLSBmf8dU0=","LvWkCrXbkgzIhhY3YVOT25/BEdWYdd0UsfPkCNQSESg=","bZkJwyxZ9qpBDckBguKoQQc5XKpD9n9GiVDG96mUGaA=","VxHqCyg+l112m5IGamxUv/es9XcBVHJGmbu3E8IL4SQ=","olt7TuhbtNXa53kRPmJsQ3j3I+QflrJ7rx1Xem27QCw=","HJNWi5pj60uQhTcn7IH9PQ4H7P92LQwTQGV17e2bHzw=","shUyDHm+I/63ZVelXk/IGcYKwQNZ8AcvMalRylre+nc=","G18PX2ZTPph87vEC8tOhNolvStp1Tc+hXAqAeKjVYKo=","Nrpmhsigug81WnkWGQaJobU8KkBuBJLUiZfsepVb9iU=","Z7RA7j4x9wZ7vA5k6TmqIeGqs0L5v6XLCHA7w/yIZt8=","H3RWoQL77Z2qk/FfDwdu/dlPNeLShnLpDiY0+u0pnqU=","B17LGfiJKfdTOqqH/4bvdPlA6d4W1xWUwTKE9a1dZhk=","kAa2IBzh1SW44e/9cNbGE1YmWDbOvG8RpBnJnTHWpWw=","8cCNDvulaEQJ7dD1oRgOBdZp6t36cdssMvv3Gd1eBZ8=","Gk7LjGMaG+wn2yeQ5zlHd3NqDTNijGrTg2XryKy5DGU=","AyedgOdVGyRg+GknkTJRdm0jBbwquDSaDllPchIg3MA=","1bv79rbLEzLjpH+NvbBCA+OwwMoNXWJGeFbzC3qoK0Q=","TQxJSgmtO3LfGu0bCf8yGRTvwPyVEOC1YZxbs5byeeM=","f3PnGg2DjbWaRE0fMMu932h3vndm5Itq8VJr7E928Ls=","bd9rQzVHtSkPXVXDS4hwN8SNKGdcGi7wShMsoBM422w=","VPJPIRMlFv0MN04FTs28eoKYQdOZdk1WMibAJr9VykU=","1NuBEr9kT2UcG5w+/Xwdb1oxtn/SJQ82Qmq7sqlv9Ng=","Lg/sHfKfznjS7ey6TCLWiWfLnOzg5uxDCkv841ilbto=","aGhxBQdK0ukTFfn/YZqmXYwNLW/TLFAAsIkhRYsA/Uk=","BB9ae3DNA2vHj12xkduv8EURP+fXJssCpVg+U8YdxJc=","V5Ejup1BCWILuyEPIP1TbtXD68l5VrscP2iRRkloLtM=","wAuIlqDQ8Pm7HAb/i15ohcez2ClbSIWVRXRKKJw8BD8=","VPMv64zxlfiaVUJdndWIhloPH2pmMfkk6gP0ZR6+ceU=","1XtZWYPjkvKlas+NRhEU6eANgOSfQwMMSDa0wdL+7+A=","jLwnQW9SOeV3qJlK0Xsisdbt0HC8q/ZbiwV0ta9e1PI=","w/paQvr214ch9sZqQ4uDlYCxx04TaRXlgAcNPwEkMo4=","ESxXuPbmeJax2D7tpqt8GwRgLfDcT6U/41P17uBNNIo=","2RI4JCbj3brulympjqhRWb01tuVAbiUcyusZx/OawMw=","oIeGYMt1mbQTOhomZ4EloXrI6AvGRy7qBXMM7YVKI1k=","Kza4Fzs7qUZzRg3To4uOBk5l0ELyGZnVC/yUiGSNIa4=","IBfecdKwK54WfOy+XOims3cvQAbemQZP618ENMncvkY=","drZBdL8Jeo2Wxqdyas/tsPwhxIki37tYhaD5rEqf7fo=","O6yKmp4RlgEUMbqiMq0cQw1TSiT/loQGvCHC1sWFVvk=","rMmsQsV8HGMq2OT2jUYm3soyy3Tm52VNcBOvucXUwHg=","wtCCt/3Dv5204x0fpaq7de1QvUInKwgwp74ksrpXDew=","HPKQQBpIyJdEU/KkEMs2buna/c0WzLt01P6vTNNFrX0=","TzfKXWDkl4GMIMXVapSYZpaFB93o+XqV12+vHWNnx5M=","s6Kc/4/0fbK3YTEp8Tpb/qfYGvmWpyxak2ibU5/wrnA=","5Ezryj5Dy+EgCismjNinw+jKJIIhQ5rPfCpXMwn6p6s=","mTn0Coy2fJfIgvrsODvGtZP3nCGIzH9qaaPJqXy8ixs=","pfoPDNJhQHyLA/KBvZM3QLuMkrZaOGNvANyDedvp8XM=","8rEnbR3iWCwypA1tLtg09Nf69Gk8BHbSdCiWjJWfavo=","Z3zFIfrB56h2nFCCv5ZDEv6JSt9yawRduJSX+xRyauw=","VavPfe6KJbVB2kDdnPrHxnIsWJ/3F9gOdFR0qgSl6uM=","fBAvzs+3MTBzHrW35Q5d+88SkZUe6RbODyTpXbBHOSM=","OIGY8VLzdvxZZyoIYZR8nzO0PyFqiCatVcIe25erTEg=","n2tv+Dke48cKlAFgakJylJKr2ukf4SR6S3DU9e1MH1U=","whs9vGwLmzYWCngSLcYF3NyVD0ZAC1Vu0pqMs4Y/xok=","dFc+6HCQ4OuSjlwQTFcIHf9jFA3lb40c39ckfLY0gbg=","E0FzkpMYHDI7TJNdyVDaJRVnDSLepM31WgGxKeSTOiY=","MKVUK2p5VdssZ4l42RESleaiV9uJ6SqKSJqSOW0LXDI=","JIO8Btj0py1SD9e6dQC74sHU2c6LUvxQDWjJpF2xxGY=","+6V+JQL3ZBYCHyt16AsU/Unq6w580vi4zKoI2Jzh+dM=","y3i4YnW7ijcl3CWWB2RqwNSZycZTWJm9sWNSUVMo7fU=","dln4Vf+qV41mx0cFgHuxXUUyBkVtJ7L2KQ5cIikH4Ao=","u6EjxFfqi/nhlyhGy8BWWINpTogVCpPbsJSYHxgBBXk=","DbN76NlVf7680C2q5lslWGpVjDBQJsskIklENKG7S34=","orpjdOUiNFfIWUevcd9jJe2xaRLuZNW0qT4O6bSkL/I=","9jt0Z1TZKKUn2cVWEoQUT/7RRz6PZO/twO4iZVFRHjY=","iwE4Ddy3P9Lm2bqunx9a1IPjcFNPbUct9Y6lsYjn31U=","OQ3wAOcsHJfEMdafdsDZ6qAfuquJiben3gjmgStJ9dk=","vUsmNL4yLXoTNpCgpXOKUfQDmlcidxCA1a3MXlx5v2w=","Z33v9/vuO1+Bw3zQuGnkwctghyK+2R6HhbxR17Wx/6w=","DXCxfwh2cjBiWgRPMGmXMuNQXV09O4GwAgLFCT20q1w=","e/bREzTPclcmedabvrPbuWvu/YDX3BVDFUOsB8uRMzw=","CwKTeKTh9yYKrzOGZwA+SG7ahphPbb2InMByQW5R28I=","EFUQYPNrJ0bqFE5kqHR3UXoqZCMtwgeDrF9NOopNbTY=","uingW7fDiEkW9cDbqh7liWeEsXR2KEAlYobNhUbPrVg=","WZQ7lRN1w0itnGHhpwWz5hNI6bllqufyhehI8a/jKj4=","8vmkFwLl7o5942CeSuj40F/0Cbqhj5EdBYg7YYT65lM=","+HYuW0hkHhCQI0yx7+H9EII5SFk4fkp/w6kzgdZUcPA=","9GawuDFCfUS0d+//cjZHXq4sCLbszoRlD9+vsj+Ee4c=","X7skcNCp7+7xiLSr7sYbGfYorCgNhGW8xPxd1R+mGWs=","TIFf57PBTJoLztnmzInGCgo1la3HIy3b185PW8GGd/s=","vv8NFrTW4NtDdYyjSQ1XIhShhWm2EUJBs5Ec7u9hYMw=","QqOOaiuTFpzrzZA63VPq5sZu4EqfwXgWJJcjpMkH0HU=","nW8n7GxsY0bK+Bo3TGE7/mdWDt67uPzShvwjOC3kfpk=","Zg2FYUbqSgToaVl6ULZE34l3ChWxmlfAiO7eNzjr7dg=","UT5/NEO1zaTOL/fZc2fw/fnaX4w/gLiQvGPqjToOHAY=","5mjR3Dp3sHTTL9KM7ARS2ctX7GqOAu+mqLyLqNjz1OQ=","JDAuEWfqpTrJblQ0RyNftDjhPO9OLVWmLaJm93tliWI=","YdaqMBOAHYRxT9+5FvGbHrDFHLUg96qE47oYItaE2Iw=","K4bcbfQy+/lkEMApIdzTVdt5SsN3/iptd2l7s/8HZZw=","5Z51gtz5CPk/vUGujGbNS6/qDNFW34rtllVFB+Gekjc=","c7e/AphBztXat8EQkOjTHc1IJWd0soMkV3ryiWKlymo=","giudfiVftB3Q+KeM17TVWlii7Oy9JfHf9jwZSK3ZfmU=","tFgS75vv56XaVeXaxQuQ7ZsgLEaksk8POMP7D0S/luQ=","5Ra6xdEz6Fk3IhRVGvaPG7BaOSWj6yflkKrosWSDsh0=","+PaFl0ab4vGXupczn7Mz8ZQ1Rtyvkn8v7hRt/N0JlrQ=","TUNvE/oteZ7RVP+/k+81ZbFKnCjB2cvmVO4KjBngcjQ=","Y9R65MNTF3FOAGHSE/8PM8H6zWcxNQL4XSbp7kThARo=","z8Eufy8sK7hCMEK3sIZ+Dewf9Cj6lNgXeyA/AW7Q5QE=","gsyDLmxGai1gdg5m9ayubWn0wpZ8F2agdBgXYuD+sWU=","Kdo5JdI1VVdFG86cHVzj6N4rJvFnx3kmZqciK+X0yXY=","9pKBIYLwj7V6VICnt9enFkIrnz1Oa5skKttnznzYRU8=","jeTvGkiHRrUYg0vnagLoFUyjMRUQuLx7Vwo8JcZ24ns=","o9SFq21rboS99beiyxY/KvHdn4akqpgeYCSYkYSnxR4=","Sdwjb9FMqsRzAs0iw6U8oaWw6vcxHfD53oB8HuiYW7E=","C5q0bud0Gt/LKmnlHkF1z5fS9poi+CoRbeR/F9rnBmw=","ktyfypDB+qLFVpDfIYkljyKEqgmJmbgpEL0dW3LVm/8=","wr1muywPEZNZMtgfbfleTdW0Kn7lJGJQ7CaPfulY/hM=","FXaIOrkuw2qfVdvGVKIzNJjzxrjbe8hffFB9s5GoJGA=","ApadBc+kNxKPRrLa1kBkbvz2UTkDY9dPuBTbTE+0nEY=","lzYvvSdm8U8dOWyeOzTjKJ2D4V4vmlfkSa3uOnhdrec=","U/P0Wsjgno1iU811ZxivTFd91KFitWZVsKGSzvy6kf8=","q4X8QqpVVFN/cojZadZP10yFEyO8Y8XsF7NDxnsM1Gk=","DAvEppF1PzMU+hKM44DyIS5fEmOF7A1tTVz5AH2u/xU=","L8bn8t4nZDy2TOltdKSYJJd09HSRhVXIKa16TpKHgu4=","aAGRUGAVfY0roi6eYR4lQicnGiLm47YAhHwjf01/Yn8=","g0XoNaTKTV9Clk/tkxUKXj7HSEl7C6bsu9HD15bPrVE=","mUZbaPdcxvd9KKTCUO6zUV/fXmkuMMzX3+iYNd+BXDY=","FGBATf9Ee4UJlT7RCDX5VfpPobIGYQx3JpV0l+Fe2OQ=","hPQ2e5lRMV8lsXLbJsTF+XIh8geLdy+1HyA2vW2C6hA=","lG22TY2I0Qyx4XazpjF4LutjmGuGqsplvXLVElSJrNE=","yIgIywXERYCu0bAMzXQljHtneqDkVOUyiScUDeG99xQ=","D94ibklxO+mN571xjUS6IzZ3NNHgnmoTaPMfpRi+J08=","cfw+c/ZstSR72poR8Dx26tvAQ/dn3o2X2xdBbAQYpEM=","/jePfXag54LraPbbEMb6398jQDYg0B/UDll3nWINsW8=","6ITfba0vdg2ENKZewg1ZIDg5MMYVwHVl7jfcD0OMcgc=","Bni5b+muXwU4l0ZZCO4MVKI5eIhwlVxwDyN5MZWQ2ww=","GWZZIwpC6NY3gFoxTTCE0pIz9nyRViGajvBcaSGYrVw=","rdG6xUE1SNQoBo4M26Yrnqb34Xa9p/pWJE24x7ir0bo=","x5PMFbUE3Z2Impexc13JfQPIOsCfoJHtdBOISZi2hY8=","WhAEK0y/R92lxTH/84O8rDgnHAavlw6DC95oKctoEKQ=","L2TkWkIdGYfLWJDfMKyl/wInLN4Q9Rg1lrXVtJNFpZY=","I5rPeVOrbZR9Rec/zhKK3vLEwXDylOU+5HjDpxOhGgw=","BTJGnsInCgF5LJKLanfRAH/LrjuL7f31eJ+f41Chdk8=","KbT3SrdVHfupYM/mqdIFhr0ZzN8VAaqFxlFVnQ5jahs=","Vn/JE7eCqJJGS+u1ZMqzBJhRPfuXmAvfJFqNkUQmEw4=","3ubWNaU3E1VAT88YQdLi9Rrzo3IjS94YzJJ2LnLiQvY=","t337g5QdHkjK6VCGF2JT25dCOkvJdbPxseRoLhvyNCI=","2P7/TJ3BlStMnn9Q9z8QAPMrgIi7l0uLleJbFuzu8CA=","lTJqV6GzfTB//ERQ9P1VDuRG3rsdrJBxMz56SNsYJiI=","geigcH7c8dZ0MvjRFsD36dzHqqY4+sO+34e03QICsf0=","hRNi1ffubW6VWqimjQh5NQOiXGi+3M+e5zbPajYV3JI=","wR6Y3JGqiNPdcevkc6t/B2MQwK8rTp/dEchkKy9gfOk=","zMPu4xX4jOX94/mbxqfBryidFXaCvkNLxh4AthDh+sk=","5onzrHkf8lNOva8d07wldOpDS3zYTLvRDhG+3lM7qUE=","k5yr9q6s4fLFwI6l+n2vz12jUpzxrR9Fa4b7t6g58+w=","YI1S4c5oPfeEdIEO1yflmlOMRPwYQ9QzT1Tz+T6QRwM=","5F0VG7DrsV74mi69Als8WfLsbvdYCIk0mJEo21hDQfw=","qfGn7XolSdD8VaKnXUHUtwu1eh8bCfxcRmFEABzita4=","rlp19J/YurpH8Qws3NdDnryE6Qsv6IDH/y0Ho2G4NmM=","UdLlkyHuCfmJyaF11HOSEbjHhl1JhDb1CwAnhRBYqZ0=","Rc6Ww+Bgef4ezl8oM7jZF54iIxdIf0PrnKpcDKpoCsI=","SEibeIiNhK+YjRHLrAECWsV5o3CfgHIjTETgMnO3Z1E=","RndLJOX5mvqT4xFh6dX+d/nOHfYYwBJ3vFy5NBFy4gc=","fWyOL8le8Tlyjsdi8cZEHDniiHvW5M9Hziva8PBP16Q=","ZUI1I0UquToOPQqcC+uA5zR+GD6AFTkwe5ilzykIm7g=","pz2+rN9FyratwzltGif0850yYR37KQULnrtO4GjGOac=","jZPWw+Pd1b2gJvgPXQHEPYccRnkcrZjwfqlYLpIw1K4=","dVZhlCS7+4P8ZIiW/A8IQVwGt6/dhnW3GX8K9IGOJQQ=","wMab/JqUBHQFRO/bCIk7jEFn78zA9z7cumdyMyLAtr0=","ZuQT778gG0GYn0tBemYQkIbkQBTM+FSQWkTsDNBTYAs=","D6FTBWln3ng8UQIoFBBl9JX1w9KsT20WPMJOJ2KmWqY=","9PT4Yp9j69vHmFSP9y+RT5gTOMcDX4LaAGXs7wgH5Xc=","koc2jQ7yV/L6UHejh46FB6c66WxSZwcoczmmns9Hgqs=","T/EV1YrPzMtLlXyu+qRkX8z0d1PQcDckKajSvoYdHAg=","WgvWpM27fQZAcA1uExEI3crXT0gkFwARPwf8+De33EE=","YVJqCsUpOuckLx54EthrV6jF6HHQklnds0wix5lBMIw=","NBA97oM10KHUCEYsSX5ot879cngmsN+nNlX3SN8Du9Q=","eEJptt/OyOAhSKW2DwUTgNLlQPhMRnL7rL5W+7vkrQ4=","rViwBpzEcaGEhAgfXmBp7Pc5wKKgccKmIk4vLC4y8EM=","hKwPL4z9Ulh7c/tpzZWr8CAfNq5MxjAMeESzHNzcS4Q=","j01UGxWSXZy0x+qH37iqk8rM/KZ/g9HaIF8jGYdXKZE=","PutfJfPcJs3GoximhxNgQAcettKzjqYs8fzGsRxKOqE=","GfyeeCmLxXlogdO8z/FlNQq79lLLvuCs+7+SJyWMNYA=","N98ZEgNjWjzzaT+ouWl+BjRa2zV0xMmuJlp+JUyCWiQ=","vZ4v5gaQznupU4bfe+W8dQ6Ib2YIRdGk8pm1CJv+zgM=","ssbHJzfzps5iO6WnKL5Q6hMNHPOqvICU1uHVAQbi/j4=","W8nJHA2mWCXm8YEWE62mjUZn4a/SBelqt7bZCI7sAyA=","2/R192VPQ9z8CHyEYOISqhulolAT2HP93iCrGbRRn1Y=","TyZSYMCsi8We0ddCvs1qWfTBS0zYQYjdZgI2vj/oIyc=","Qx+++tgXyU9uN9siJFLRr5572vFlpW3Wff14hH1QEKo=","svXd01oa2Za4p1L0DMv7exHHpZGGdUF2I3xsR7VTHQk=","BciRL/d6C5/ubK+5aTd5C5laRhhD70ykxmum1hrKo7A=","EU3qJPjyzkgN50em+RkpOGGkBkT1l/7f4DJ5L9pbEF0=","tJmBvncObgQ/X8EeFosf9oypl+YKEBjXYh0freSoWnc=","vYhFgrlTbZ8v65s/HSnzwm5Kx6kTn5ZZjeR7jYuK7rQ=","o0DbJXP0l8iYX8lUz6mBDAnHZuxfxwEq66AmH44Oy4k=","9VaGinB1shjB/VExOit20SjSfMfLiTQjZvb7vd6ofnE=","Dm9hQ61QL2Vz8+UZAYJeR+kyTysq4z5q0zELUK4D7Dk=","ZALIcy+Can5UjfVAKcUW/gCZsOm3FPKD2JdwTSlJcXE=","IxMMeE25+g6EPa0P0mPnf1OoteEatLdxkHWuPBnEOZQ=","lpuD5paMf9LoH0aG5SZHDGrBfY1GuSNS8T7Ph21ApQE=","dFjR++ZFpLQV1QXknhaksgUNX9oEWzD8RrtMkxkZ/A0=","4xaxePsXnrOtwfT2gbAjq6dMHMmhsKLxiouuLviAX5s=","7F4MuF/cS48ot/ohtVuLpNHJ/hZiV6AD15Uq6gbzjW8=","vNRF8510KpmUdBXyyH2WLfuHVef0+vs0MAaAfsoIjaw=","+C18Q4XSPdSZU/NiF0HfUvnATpADaRDpvtEg7OmnDC4=","SQ+pOb+EaEq9fOGMm4KvTYZ/qmpG7m8m1zvvkiExklI=","4r+Ien9+29tAGzhU9EhjI2bb5V3XbFH38XqwH34C9r8=","P2cQ4KtNmKh/NGcB/q6gLoC2MN2Cm3P6zpma0NdRQVU=","tBSpPPXHD+1U7WBFvOJ1NQ6w+tL5aw1LXvrA7Px87/k=","vON51a/FbUN+W0KnfYbAicwGyyScZG8LByFcOnrBtbM=","rwKGdM1CA3RAS5v7YyfdUgKxfUk5JhTIGnqwyK5Ovxk=","9XD6bwZMZiaEKejSTkB6E6AqPvuXQOWu33C7OnO84k0=","FNrQZoiI8bb1ybJOdYH3qP2cBov57o7PB+TB6DY5vXA=","3HWMJRFPF4M9Sd5b8Qixy6XXAtQyLuVcIlNvqcOjvoQ=","sU0svBc1GHfYPtiNDU4A+rbvIfkF8MK0jE+TqWp3zCE=","i5L74Q6uNNgjFtS2gymZ+seSvYo/5Ko2vmBGy+wtLSw=","Ii8dZXWb8q/mkG2wKkdxNB93Y8kd56vGT9+uKucV+Os=","8BcnE/zv5AVRKX/hIzYu/vtmAnhhwPYarx8vRO5ie8E=","RuCLijY6kbQ/JYSahnN0ndumCSrymW5hReX+1/iA19w=","AwcKXq9ybeX8d8vLC2WmkM/4Ir9+0q3fgGJJ+o5EEpY=","mvf6LXNd+xaye2tC9iNQj/WWL62c8IQc399fl7tFG3c=","qLw4sciantSFvq8wPPwFsza8GOkRUSJCw0dZhDE7aAA=","8D69H0+K2r57tf0vH8fJaCCa4wjEwbkhps+GgFjwyB0=","ZujHNVSNGWj4vKu0rmNq0Y+idlwpRIhX89GLoGmYh/s=","azizy3r+ZcAMVxrCEz612jqCvwgQLaCdPKTo6NQnQUs=","VmXJrUd1smj0UOAdIXzCdUS4EpEP+nSZu+ITwZH2liA=","BlDxqY5UQ94C4l0cwpIqsn8DaDOEYQkcQvQZjzl6YM8=","xpsxdIMdA5UmIz3LAaG6PRDKEb6vxG9G1XV5VCXepfM=","o7ML+O39dSoU6HAD9F1WaWXxmYedC4C49skGnZwy0qk=","NYeiWw4dKcfGEzy1/whvfHToN0KFPPngGsIfZAlK3Uw=","4hxIkFaepRJPaHDJuWjbp6w6LMK4+/Bj35Awof/Hi8s=","mcSXR+awgBgtn2P2ph34YS8UZqRr7EB6uBZz7jJ0Xz8=","rNpov6cBU0YdGf/WxJZjxDhbK3j70+C96Bnf4Qyseiw=","9DLXz1DpRLVPj0uZuNFtY5CEY4zIa1Ptu3MkeagqY9Q=","ZZykQCx3Pg1c+EThXYDIKQ9TyJcfo+sHdjow02QBC9Q=","L7pKSLz47LVGa2vgJzxjdu47BtVkp13ZvE8fPWWaCyU=","yxy1d9UxpKqLh0T0DcObeLKLiTac/W0DdDwL+68bHRw=","WlxPFd8t+z1dYhRnqq8zXaZI1lLCtGwaHJHR9o9TFig=","Xp14ezJDz2fzfbvAlQUSF1WWVgifKWleodMUH82/QEc=","2cS9C5MpiWknmJss5V6pOn7KM4lHmxytT0LQ5/DUaOk=","+yowdCYkpa7vj7khSFvDOfb9oMhUfR/p5+Vh9sNfosw=","dY1QoVXBUH2BBw9mvqYoAvPfm2TjXs4iSCt6cJIZSHU=","JtzfXjcH92wR3voqz/7mVnaTTar3nHbW2NqND7ixgyg=","MAGK6gCjDcoPJlSlW88YJA6sqD43B64xSobTeRvQOpw=","O//qsMfSs/C+imFo38CuCbAtG3VFikUAeMUe04J1PYQ=","HAHL3pHcWCNLpxw4RBDUDTz7MOiBpgy8TQDewdCRbS4=","wcY2WKgIqEOfO8mpZjyyAwwBqLRFNLGMkTeTVkTvEjQ=","M4gTM7YbB6tA9YBKfkqBnwNdTTN+97rfJJ41Gw3QPbo=","GL7FxGJWYFlTXDUhfnaFD4rlVb7U+w3aGcl0W4Oj99I=","HpR4P/doqkoKf338bUANhL96N3XD7BT+aJ5cK7whtzE=","vP9+3D9MWsUU4F8C/JVXzqAzacRVvMpTSqjSjchIAgs=","1hO97XHDAKCr/ONMC/DbgST4sAtdkS7YAy+zFywznBw=","JWjhINDEGNDLyCQ52u8hIjuU7VxfWQX/V8aMfzIJ4e0=","Yj6tI8LtG3+RHY7pwSsK0Dn7uRLFl//oQLYIdmMWnhk=","oGi4sgRKdyQZKBaARrk9XPhsOQRu0IabqpvNOhsVdOQ=","unGCtVsf3wLHta0Bgl+XCgL7NkIvK0R/ebV1zGFoDjQ=","80XwJzZfvxU5IhExO9LngW4BHFahQHV2L1wJFKraAkU=","ioPSYpXMmed28Nem1Uegqi2NvpV4MjDLdhhVKMaXlkc=","kNfb758ZvGrYPaNAVUeVhB4SjSfhPRAfdAAEydXaQqQ=","+XDH4qLWAVTduOQNt+nmRowt81LYThzNJnWTvJKaAjs=","FM3vbHLJpkaqXXhVi1DNLpndeBJTEjc1anziuxtwrAw=","S15nKNgUyHaQ2ogyOedamcqZntRPnbiPGjp8HPzsaXU=","7jQ4AJ3ImeWEC6KQX/wvdvvkCrFjV0TDUqtHAbpYGto=","cMkHUUsWeKqxZMVcuK9rnOJuxUibFh12Kf5Qj1mxNZ8=","tUJTmTfpH7L4nX3rH/ZN2IUWo/djJQcEnWOv1LolI/s=","m30U11hf3OSjdOYdIsgdcdDbOEBps8gFHN7Rp3kykOA=","wQcFnP/cqSaIS85asyqtguK0IoGcFpUETbkUkogRENU=","JZcJ5oFIRB9R1MsCqJhT7Dna8vMqexSxlRhhvnuAu0Y=","RksPNj65XBpjq6zkmo7WX5BfWSXRAisbEMqICMuuYQw=","2JQVFtUv/hUWzKelA5VnfFl7slRgJpwegtw/VT4VlMY=","mKWf1P/MmZFN/GPRfH/NL+T1IN8NQCf2XvfZC+p9t2k=","BIXc/AyDkTWAZaT2aPIrbHYkVoF1u4Smf4bge6Yl6zA=","qL9EmtCLrLErlb+bdORdSrc8e49JkVHTozQU6HvE1FA=","AloEZn26fIRe6dsZ5pZ/pJxrn5HuHIgt+HWHVsUvboA=","3/2pGw5DQjZaads53zp8xMFKgDENWpQVJ2grM+2qdQ8=","YqbUc2KSdXV11jNgIBVN3ETfqzSUlfmTx86rEVyy/ms=","I8+3xNnSmtLY0V1M+Gg2U8vJLEAy2RVANY3B2pwTeCw=","woJUdHez5v9oC0odrvwQ9xQOfSMVLqmW63b+VK4LZgI=","zd+pj1NhnCuWkyOBlwvNN/p2XaBiGWp8tFFZ4i9d7CQ=","2t0z6csHih350ccXDA4gJvwXyIvSI5EYaEPZI4plJ/c=","SRrvXy4iRkaR3DV9CcH4BCC+nE5AkCnx/FBbYC4dXaI=","SFCc0rPMbOMPg9LWyWP+ddZfV9lB2kQMSwy7x/95cFA=","Hp3ZxcqDVusg37RLv1cSar7mSEnmuX7RDME/m8ocP1U=","uYxAYd6hIdCvvt98cMWNBqVDApk+aLOidOUTY7nC0zQ=","XiV+8nUaRDfuXAlGj4X5KNS+QGkp+VaVpd2IcGdmHKs=","YQIDZ7i4JWVi3GBjEgXnD6Jpjag/SRA9AkcKnbg4s9Q=","Z4pxfo3bGXCp0jwGWlyrCkQpF+UEOC8ePpXlmdxnkLc=","YzxtGEOvaZKnaN+LZXOqkPRq8CHq5yPNrLqq0/djBH8=","ZajUr9UHMiCyoFVWjkMhnf5HbywrIo7uj2LO6vCIk3Q=","MifHVmIj6CswJQybmLVidJjgvaDDCDUxCX+3g18SiGE=","BHzVwARonh+Nc1I0qtczhR1O7InZmaaWwce8JAjM8sY=","mRR3PLjtbwNL8fBzXtx05RauP9EEVTjQCdp8rki1ZTQ=","dSQjZ9u+d7pgSSn3jlErY+A+nPV+YSAf/HjmQwdG/IE=","rARjzahwDIac2D0TdB/vHVmSSYcpAoCp3b8/Qm+hfEU=","Ti9VoCATlAxtlob5vV3xWMCS1vv4CXKyUXsrCdHFrPs=","hWG5hTgUZu8rWzoRnAWq/kyYe6N861QJM28SrgK4zow=","VC5XVgecEpPIXA9/mFSCEGM+wa/pW+OQwprG8E/molE=","oEL+vaySn2cb0vGkD5UhmKwGu16IlE9CUjkLmgU6GiI=","lDHqoOY4H+MHtEMvH9aIG2K7i280ls1Xnap8LfHpXwE=","erd+TuyjEQOm+di7GY6EbneBf+ZP+04e71NqOEwofbk=","2S/RCMQYwEM1JOY5TelTHxqxs2GBV9j0XE3kH90y86M=","MobplsB2eBtPk60ENFGQiRERSmBDseBhc9ARr9TF9tU=","HFuwEyEZOLDQKRxhkTIx8vMigqm6Qvu4OIwlxNyIhks=","ALqoUNukCbnNwldT37+ogKx/CwmQMEH8eI0wlni9amQ=","pc6KPf0XOfw5sBbP1osJv8zoAukbhxAHtuRRp68+QG8=","GMcGWptudtc4P+CSAA3/2v8NtKtUSlm6eXUUVIh6S70=","v8CI82AIm1YapiU6Y/IGgK1mVLGg7mnaibrfZsitezQ=","5sRwkDyl0BmmqWD3upNii04ppP6b5A5UuAl6sPU9j5o=","LcCZzLpOXs22aHAyEVAcLJljSHQ1nNnuXdylFniIOi8="],"block_size":4096,"path":"vendor/eslint/eslint.js"},{"block_hashes":["24Py7eZ/Ns+rHqByHqLul1FYY+mmU0aIHzBeQwRRzJE="],"block_size":4096,"path":"vendor/eslint/LICENSE"},{"block_hashes":["2OzJE67HFmwKeSveACqyqI85jVeUevEponAq57C3W1c=","cpmV/g1CsDvU72A9MeuWSsBhJercKess4+mR6b6bDJY=","WC92NkuDlol9GW6eRCWqmf8s62PaxpymwuzpvkeufiQ="],"block_size":4096,"path":"vendor/jsdiff/diff.js"},{"block_hashes":["gmH+hZuy4YrSQjfRZ3s0a1tS52A/XAqxNMkV0S1UsB4="],"block_size":4096,"path":"vendor/saveas/filesaver.js"},{"block_hashes":["rN/SSo5akzBVMmsjWwhhH3WbpOIA1CpFWluN/TZ2sec="],"block_size":4096,"path":"vendor/saveas/LICENSE.md"}],"version":2}